-- *********************************************************************
-- Update Database Script
-- *********************************************************************
-- Change Log: src/main/resources/config/liquibase/master.xml
-- Ran at: 12/14/15 8:56 PM
-- Against: sa@jdbc:sqlserver://localhost\sqlexpress:1433;xopenStates=false;trustServerCertificate=false;sendStringParametersAsUnicode=true;selectMethod=direct;responseBuffering=adaptive;packetSize=8000;loginTimeout=15;lockTimeout=-1;lastUpdateCount=true;encrypt=false;disableStatementPooling=true;databaseName=Unifies;applicationName=Microsoft SQL Server JDBC Driver;
-- Liquibase version: 3.4.1
-- *********************************************************************

USE [Unifies];
GO

-- Create Database Lock Table
CREATE TABLE [DATABASECHANGELOGLOCK] ([ID] [int] NOT NULL, [LOCKED] [bit] NOT NULL, [LOCKGRANTED] [datetime2](3) NULL, [LOCKEDBY] [nvarchar](255) NULL, CONSTRAINT [PK_DATABASECHANGELOGLOCK] PRIMARY KEY ([ID]))
GO

-- Initialize Database Lock Table
DELETE FROM [DATABASECHANGELOGLOCK]
GO

INSERT INTO [DATABASECHANGELOGLOCK] ([ID], [LOCKED]) VALUES (1, 0)
GO

-- Lock Database
UPDATE [DATABASECHANGELOGLOCK] SET [LOCKED] = 1, [LOCKEDBY] = 'KIERONTRAN-PC (192.168.11.12)', [LOCKGRANTED] = '2015-12-14T20:56:17.724' WHERE [ID] = 1 AND [LOCKED] = 0
GO

-- Create Database Change Log Table
CREATE TABLE [DATABASECHANGELOG] ([ID] [nvarchar](255) NOT NULL, [AUTHOR] [nvarchar](255) NOT NULL, [FILENAME] [nvarchar](255) NOT NULL, [DATEEXECUTED] [datetime2](3) NOT NULL, [ORDEREXECUTED] [int] NOT NULL, [EXECTYPE] [nvarchar](10) NOT NULL, [MD5SUM] [nvarchar](35) NULL, [DESCRIPTION] [nvarchar](255) NULL, [COMMENTS] [nvarchar](255) NULL, [TAG] [nvarchar](255) NULL, [LIQUIBASE] [nvarchar](20) NULL, [CONTEXTS] [nvarchar](255) NULL, [LABELS] [nvarchar](255) NULL)
GO

-- Changeset src/main/resources/config/liquibase/changelog/00000000000000_initial_schema.xml::00000000000001::Kieron Tran
CREATE TABLE [Category] ([CategoryId] [int] IDENTITY (1, 1) NOT NULL, [Name] [varchar](100) NOT NULL, CONSTRAINT [PK_Category] PRIMARY KEY ([CategoryId]))
GO

CREATE TABLE [SubCategory] ([SubCategoryId] [int] IDENTITY (1, 1) NOT NULL, [CategoryId] [int] NOT NULL, [Name] [varchar](100) NOT NULL, CONSTRAINT [PK_SubCategory] PRIMARY KEY ([SubCategoryId]))
GO

CREATE TABLE [Product] ([ProductId] [int] IDENTITY (1, 1) NOT NULL, [SubCategoryId] [int] NOT NULL, [Name] [varchar](100) NOT NULL, [UnitPrice] [decimal](19, 4) NOT NULL, [Like] [int] CONSTRAINT DF_Product_Like DEFAULT 0 NOT NULL, [Gender] [int] NULL, [Description] [varchar](MAX) NULL, [Available] [bit] CONSTRAINT DF_Product_Available DEFAULT 0 NOT NULL, CONSTRAINT [PK_PRODUCT] PRIMARY KEY ([ProductId]))
GO

CREATE TABLE [PriceHistory] ([PriceHistoryId] [bigint] IDENTITY (1, 1) NOT NULL, [ProductId] [int] NOT NULL, [Cost] [decimal](19, 4) NOT NULL, [Price] [decimal](19, 4) NOT NULL, [CreatedDate] [datetime] CONSTRAINT DF_PriceHistory_CreatedDate DEFAULT GETDATE() NOT NULL, CONSTRAINT [PK_PriceHistory] PRIMARY KEY ([PriceHistoryId]))
GO

CREATE TABLE [Image] ([ImageId] [bigint] IDENTITY (1, 1) NOT NULL, [ProductId] [int] NOT NULL, [ImagePath] [varchar](400) NOT NULL, [DisplayOrder] [int] NOT NULL, CONSTRAINT [PK_Image] PRIMARY KEY ([ImageId]))
GO

CREATE TABLE [Account] ([AccountId] [int] IDENTITY (1, 1) NOT NULL, [Email] [varchar](100) NOT NULL, [Password] [varchar](200) NOT NULL, [ImageLink] [varchar](400) NOT NULL, [FirstName] [varchar](50) NOT NULL, [LastName] [varchar](50) NOT NULL, [Phone] [varchar](20) NOT NULL, [Address] [varchar](200) NOT NULL, [Gender] [varchar](1) NOT NULL, [DayOfBirth] [datetime] NOT NULL, [CreatedDate] [datetime] CONSTRAINT DF_Account_CreatedDate DEFAULT GETDATE() NOT NULL, [isAvailable] [bit] CONSTRAINT DF_Account_isAvailable DEFAULT 1 NOT NULL, CONSTRAINT [PK_ACCOUNT] PRIMARY KEY ([AccountId]))
GO

CREATE TABLE [AccountRole] ([Email] [varchar](100) NOT NULL, [Role] [varchar](20) NOT NULL)
GO

CREATE TABLE [FeedBack] ([FeedBackId] [int] IDENTITY (1, 1) NOT NULL, [AccountId] [int] NOT NULL, [Title] [varchar](200) NOT NULL, [Description] [varchar](MAX) NOT NULL, [CreatedDate] [datetime] CONSTRAINT DF_FeedBack_CreatedDate DEFAULT GETDATE() NOT NULL, [Status] [int] NOT NULL, CONSTRAINT [FK_FEEDBACKID] PRIMARY KEY ([FeedBackId]))
GO

CREATE TABLE [Comment] ([CommentId] [int] IDENTITY (1, 1) NOT NULL, [ProductId] [int] NOT NULL, [AccountId] [int] NOT NULL, [Like] [int] CONSTRAINT DF_Comment_Like DEFAULT 0 NOT NULL, [Comments] [varchar](8000) NOT NULL, [ModifiedDate] [datetime] CONSTRAINT DF_Comment_ModifiedDate DEFAULT GETDATE() NOT NULL, [CreatedDate] [datetime] CONSTRAINT DF_Comment_CreatedDate DEFAULT GETDATE() NOT NULL, CONSTRAINT [FK_COMMENT] PRIMARY KEY ([CommentId]))
GO

CREATE TABLE [PurchaseOrder] ([PurchaseOrderId] [int] IDENTITY (1, 1) NOT NULL, [AccountId] [int] NULL, [SubTotal] [decimal](19, 4) NOT NULL, [Address] [varchar](MAX) NULL, [Phone] [varchar](MAX) NULL, [Status] [bit] CONSTRAINT DF_PurchaseOrder_Status DEFAULT 0 NOT NULL, [CreatedDate] [datetime] CONSTRAINT DF_PurchaseOrder_CreatedDate DEFAULT GETDATE() NOT NULL, [Name] [varchar](MAX) NULL, [CancelInvoice] [bit] CONSTRAINT DF_PurchaseOrder_CancelInvoice DEFAULT 1 NOT NULL, CONSTRAINT [PK_PURCHASEORDER] PRIMARY KEY ([PurchaseOrderId]))
GO

CREATE TABLE [PurchaseOrderDetail] ([PurchaseOrderDetailId] [bigint] IDENTITY (1, 1) NOT NULL, [PurchaseOrderId] [int] NOT NULL, [ProductId] [int] NOT NULL, [Quantity] [int] NOT NULL, [Cost] [decimal](19, 4) NOT NULL, [UnitPrice] [decimal](19, 4) NOT NULL, [Subtotal] [decimal](19, 4) NOT NULL, CONSTRAINT [PK_PurchaseOrderDetailId] PRIMARY KEY ([PurchaseOrderDetailId]))
GO

ALTER TABLE [Category] ADD CONSTRAINT [UC_CATEGORY_NAME] UNIQUE ([Name])
GO

ALTER TABLE [SubCategory] ADD CONSTRAINT [UC_SUBCATEGORY_NAME] UNIQUE ([Name])
GO

ALTER TABLE [Product] ADD CONSTRAINT [UC_PRODUCTNAME] UNIQUE ([Name])
GO

ALTER TABLE [Account] ADD CONSTRAINT [UC_ACCOUNT_EMAIL] UNIQUE ([Email])
GO

ALTER TABLE [AccountRole] ADD CONSTRAINT [UQ_ACCOUNTROLE_EMAIL_ROLE] UNIQUE ([Email], [Role])
GO

ALTER TABLE [SubCategory] ADD CONSTRAINT [FK_SUBCATEGORY_CATEGORY] FOREIGN KEY ([CategoryId]) REFERENCES [Category] ([CategoryId]) ON UPDATE NO ACTION ON DELETE NO ACTION
GO

ALTER TABLE [Product] ADD CONSTRAINT [FK_SUBCATEGORYID_PRODUCT] FOREIGN KEY ([SubCategoryId]) REFERENCES [SubCategory] ([SubCategoryId]) ON UPDATE NO ACTION ON DELETE NO ACTION
GO

ALTER TABLE [PriceHistory] ADD CONSTRAINT [FK_PRICEHISTORY_PRODUCT] FOREIGN KEY ([ProductId]) REFERENCES [Product] ([ProductId]) ON UPDATE NO ACTION ON DELETE NO ACTION
GO

ALTER TABLE [Image] ADD CONSTRAINT [FK_IMAGE_PRODUCT] FOREIGN KEY ([ProductId]) REFERENCES [Product] ([ProductId]) ON UPDATE NO ACTION ON DELETE NO ACTION
GO

ALTER TABLE [FeedBack] ADD CONSTRAINT [FK_FEEDBACK_ACCOUNT] FOREIGN KEY ([AccountId]) REFERENCES [Account] ([AccountId]) ON UPDATE NO ACTION ON DELETE NO ACTION
GO

ALTER TABLE [Comment] ADD CONSTRAINT [FK_COMMENT_ACCOUNT] FOREIGN KEY ([AccountId]) REFERENCES [Account] ([AccountId]) ON UPDATE NO ACTION ON DELETE NO ACTION
GO

ALTER TABLE [Comment] ADD CONSTRAINT [FK_COMMENT_PRODUCT] FOREIGN KEY ([ProductId]) REFERENCES [Product] ([ProductId]) ON UPDATE NO ACTION ON DELETE NO ACTION
GO

ALTER TABLE [PurchaseOrder] ADD CONSTRAINT [FK_PURCHASEORDER_ACCOUNT] FOREIGN KEY ([AccountId]) REFERENCES [Account] ([AccountId]) ON UPDATE NO ACTION ON DELETE NO ACTION
GO

ALTER TABLE [PurchaseOrderDetail] ADD CONSTRAINT [FK_PURCHASEORDERDETAIL_PURCHCASEORDER] FOREIGN KEY ([PurchaseOrderId]) REFERENCES [PurchaseOrder] ([PurchaseOrderId]) ON UPDATE NO ACTION ON DELETE NO ACTION
GO

ALTER TABLE [PurchaseOrderDetail] ADD CONSTRAINT [FK_PURCHASEORDERDETAIL_PRODUCT] FOREIGN KEY ([ProductId]) REFERENCES [Product] ([ProductId]) ON UPDATE NO ACTION ON DELETE NO ACTION
GO

INSERT INTO [Category] ([Name]) VALUES ('Shirt'),('Pants'),('Dress'),('Accessory');
GO

INSERT INTO [SubCategory] ([CategoryId], [Name]) VALUES ('1', 'T-Shirt'),('1', 'Chemise'),('2', 'Kaki'),('2', 'Jeans'),('3', 'Dress'),('3', 'Skirt'),('4', 'SunGlass'),('4', 'Bag'),('4', 'Belt'),('4', 'Tie'),('4', 'Shoes');
GO

INSERT INTO [Product] ([SubCategoryId], [Name], [UnitPrice], [Like], [Gender], [Description], [Available]) VALUES ('1', 'T-Shirt01', '140', '4', '0', 'Description', '1'),('1', 'T-Shirt02', '145', '0', '1', 'Description', '1'),('1', 'T-Shirt03', '150', '1', '2', 'Description', '1'),('1', 'T-Shirt04', '155', '3', '0', 'Description', '0'),('1', 'T-Shirt05', '160', '2', '1', 'Description', '1'),('2', 'Shirt01', '165', '4', '0', 'Description', '1'),('2', 'Shirt02', '170', '0', '1', 'Description', '0'),('2', 'Shirt03', '175', '1', '2', 'Description', '1'),('2', 'Shirt04', '180', '3', '0', 'Description', '1'),('2', 'Shirt05', '185', '2', '1', 'Description', '1'),('3', 'Kaki01', '190', '4', '0', 'Description', '1'),('3', 'Kaki02', '195', '0', '1', 'Description', '1'),('3', 'Kaki03', '200', '1', '2', 'Description', '1'),('3', 'Kaki04', '205', '3', '0', 'Description', '0'),('3', 'Kaki05', '210', '2', '1', 'Description', '1'),('4', 'Jeans01', '215', '4', '0', 'Description', '1'),('4', 'Jeans02', '220', '0', '1', 'Description', '0'),('4', 'Jeans03', '225', '1', '2', 'Description', '1'),('4', 'Jeans04', '230', '3', '0', 'Description', '1'),('4', 'Jeans05', '235', '2', '1', 'Description', '1'),('5', 'Dress01', '240', '4', '1', 'Description', '1'),('5', 'Dress02', '245', '0', '1', 'Description', '1'),('5', 'Dress03', '250', '1', '1', 'Description', '1'),('5', 'Dress04', '255', '3', '1', 'Description', '0'),('5', 'Dress05', '260', '2', '1', 'Description', '1'),('6', 'Skirt01', '265', '4', '1', 'Description', '1'),('6', 'Skirt02', '270', '0', '1', 'Description', '0'),('6', 'Skirt03', '275', '1', '1', 'Description', '1'),('6', 'Skirt04', '280', '3', '1', 'Description', '1'),('6', 'Skirt05', '285', '2', '1', 'Description', '1'),('7', 'Glass01', '290', '4', '0', 'Description', '1'),('7', 'Glass02', '295', '0', '1', 'Description', '1'),('7', 'Glass03', '300', '1', '2', 'Description', '1'),('7', 'Glass04', '305', '3', '0', 'Description', '0'),('7', 'Glass05', '310', '2', '1', 'Description', '1'),('8', 'Bag01', '315', '4', '0', 'Description', '1'),('8', 'Bag02', '320', '0', '1', 'Description', '0'),('8', 'Bag03', '325', '1', '2', 'Description', '1'),('8', 'Bag04', '330', '3', '0', 'Description', '1'),('8', 'Bag05', '335', '2', '1', 'Description', '1'),('9', 'Belt01', '340', '4', '0', 'Description', '1'),('9', 'Belt02', '345', '0', '1', 'Description', '0'),('9', 'Belt03', '350', '1', '1', 'Description', '1'),('9', 'Belt04', '355', '3', '0', 'Description', '1'),('9', 'Belt05', '360', '2', '1', 'Description', '1'),('10', 'Tie01', '365', '4', '0', 'Description', '1'),('10', 'Tie02', '370', '0', '0', 'Description', '1'),('10', 'Tie03', '375', '1', '0', 'Description', '1'),('10', 'Tie04', '380', '3', '0', 'Description', '0'),('10', 'Tie05', '385', '2', '0', 'Description', '1');
INSERT INTO [Product] ([SubCategoryId], [Name], [UnitPrice], [Like], [Gender], [Description], [Available]) VALUES ('11', 'Shoes01', '390', '4', '0', 'Description', '1'),('11', 'Shoes02', '395', '0', '1', 'Description', '0'),('11', 'Shoes03', '400', '1', '2', 'Description', '1'),('11', 'Shoes04', '405', '3', '0', 'Description', '1'),('11', 'Shoes05', '410', '2', '1', 'Description', '1');
GO

INSERT INTO [PriceHistory] ([ProductId], [Cost], [Price], [CreatedDate]) VALUES ('1', '120', '140', '2015-08-20T19:33:24Z'),('2', '125', '145', '2015-08-05T23:12:46Z'),('3', '130', '150', '2015-08-15T22:05:54Z'),('4', '135', '155', '2015-08-26T17:47:39Z'),('5', '140', '160', '2015-08-14T05:23:24Z'),('6', '145', '165', '2015-08-09T14:43:56Z'),('7', '150', '170', '2015-08-29T19:55:30Z'),('8', '155', '175', '2015-08-09T10:22:13Z'),('9', '160', '180', '2015-08-04T08:31:26Z'),('10', '165', '185', '2015-08-10T05:15:02Z'),('11', '170', '190', '2015-08-23T20:27:03Z'),('12', '175', '195', '2015-08-18T09:33:41Z'),('13', '180', '200', '2015-08-19T02:25:03Z'),('14', '185', '205', '2015-08-14T02:47:42Z'),('15', '190', '210', '2015-08-26T20:23:46Z'),('16', '195', '215', '2015-08-16T00:21:00Z'),('17', '200', '220', '2015-08-10T07:44:53Z'),('18', '205', '225', '2015-08-11T21:17:42Z'),('19', '210', '230', '2015-08-24T11:26:25Z'),('20', '215', '235', '2015-08-27T17:39:58Z'),('21', '220', '240', '2015-08-13T11:32:38Z'),('22', '225', '245', '2015-08-08T14:51:22Z'),('23', '230', '250', '2015-08-18T21:54:07Z'),('24', '235', '255', '2015-08-04T05:02:38Z'),('25', '240', '260', '2015-08-23T06:59:45Z'),('26', '245', '265', '2015-08-14T06:01:55Z'),('27', '250', '270', '2015-08-22T05:49:46Z'),('28', '255', '275', '2015-08-27T08:49:36Z'),('29', '260', '280', '2015-08-26T11:47:32Z'),('30', '265', '285', '2015-08-05T16:17:59Z'),('31', '270', '290', '2015-08-09T12:51:23Z'),('32', '275', '295', '2015-08-22T00:33:07Z'),('33', '280', '300', '2015-08-05T06:27:15Z'),('34', '285', '305', '2015-08-07T06:23:08Z'),('35', '290', '310', '2015-08-27T16:39:22Z'),('36', '295', '315', '2015-08-14T04:48:53Z'),('37', '300', '320', '2015-08-26T05:40:50Z'),('38', '305', '325', '2015-08-28T17:50:00Z'),('39', '310', '330', '2015-08-04T22:51:11Z'),('40', '315', '335', '2015-08-11T00:49:11Z'),('41', '320', '340', '2015-08-12T05:33:58Z'),('42', '325', '345', '2015-08-19T00:29:12Z'),('43', '330', '350', '2015-08-22T07:22:31Z'),('44', '335', '355', '2015-08-29T00:24:16Z'),('45', '340', '360', '2015-08-21T23:56:56Z'),('46', '345', '365', '2015-08-26T01:12:52Z'),('47', '350', '370', '2015-08-28T10:44:48Z'),('48', '355', '375', '2015-08-11T03:21:17Z'),('49', '360', '380', '2015-08-21T05:35:35Z'),('50', '365', '385', '2015-08-13T12:29:14Z');
INSERT INTO [PriceHistory] ([ProductId], [Cost], [Price], [CreatedDate]) VALUES ('51', '370', '390', '2015-08-26T18:17:26Z'),('52', '375', '395', '2015-08-25T02:22:57Z'),('53', '380', '400', '2015-08-31T21:33:58Z'),('54', '385', '405', '2015-08-23T13:30:19Z'),('55', '390', '410', '2015-08-13T14:47:09Z');
GO

INSERT INTO [Image] ([ProductId], [ImagePath], [DisplayOrder]) VALUES ('1', 'img/product/Tshirt01.jpg', '1'),('2', 'img/product/Tshirt02.jpg', '1'),('3', 'img/product/Tshirt03.jpg', '1'),('4', 'img/product/Tshirt04.jpg', '1'),('5', 'img/product/Tshirt05.jpg', '1'),('6', 'img/product/Shirt01.jpg', '1'),('7', 'img/product/Shirt02.jpg', '1'),('8', 'img/product/Shirt03.jpg', '1'),('9', 'img/product/Shirt04.jpg', '1'),('10', 'img/product/Shirt05.jpg', '1'),('11', 'img/product/Kaki01.jpg', '1'),('12', 'img/product/Kaki02.jpg', '1'),('13', 'img/product/Kaki03.jpg', '1'),('14', 'img/product/Kaki04.jpg', '1'),('15', 'img/product/Kaki05.jpg', '1'),('16', 'img/product/Jeans01.jpg', '1'),('17', 'img/product/Jeans02.jpg', '1'),('18', 'img/product/Jeans03.jpg', '1'),('19', 'img/product/Jeans04.jpg', '1'),('20', 'img/product/Jeans05.jpg', '1'),('21', 'img/product/Dress01.jpg', '1'),('22', 'img/product/Dress02.jpg', '1'),('23', 'img/product/Dress03.jpg', '1'),('24', 'img/product/Dress04.png', '1'),('25', 'img/product/Dress05.jpg', '1'),('26', 'img/product/Skirt01.jpg', '1'),('27', 'img/product/Skirt02.jpg', '1'),('28', 'img/product/Skirt03.jpg', '1'),('29', 'img/product/Skirt04.jpg', '1'),('30', 'img/product/Skirt05.jpg', '1'),('31', 'img/product/Glass01.jpe', '1'),('32', 'img/product/Glass02.jpg', '1'),('33', 'img/product/Glass03.jpe', '1'),('34', 'img/product/Glass04.jpg', '1'),('35', 'img/product/Glass05.jpg', '1'),('36', 'img/product/Bag01.jpg', '1'),('37', 'img/product/Bag02.jpg', '1'),('38', 'img/product/Bag03.jpg', '1'),('39', 'img/product/Bag04.jpg', '1'),('40', 'img/product/Bag05.jpg', '1'),('41', 'img/product/Belt01.jpg', '1'),('42', 'img/product/Belt02.jpg', '1'),('43', 'img/product/Belt03.jpg', '1'),('44', 'img/product/Belt04.jpg', '1'),('45', 'img/product/Belt05.jpg', '1'),('46', 'img/product/Tie01.jpg', '1'),('47', 'img/product/Tie02.jpg', '1'),('48', 'img/product/Tie03.jpg', '1'),('49', 'img/product/Tie04.jpg', '1'),('50', 'img/product/Tie05.jpg', '1');
INSERT INTO [Image] ([ProductId], [ImagePath], [DisplayOrder]) VALUES ('51', 'img/product/Shoes01.jpg', '1'),('52', 'img/product/Shoes02.jpg', '1'),('53', 'img/product/Shoes03.jpg', '1'),('54', 'img/product/Shoes04.jpg', '1'),('55', 'img/product/Shoes05.jpg', '1');
GO

INSERT INTO [Account] ([Email], [Password], [ImageLink], [FirstName], [LastName], [Phone], [Address], [Gender], [DayOfBirth], [CreatedDate], [isAvailable]) VALUES ('admin@yourstore.com', 'ba3253876aed6bc22d4a6ff53d8406c6ad864195ed144ab5c87621b6c233b548baeae6956df346ec8c17f5ea10f35ee3cbc514797ed7ddd3145464e2a0bab413', '/img/user/user.jpg', 'Arthur', 'Gonzalez', '7-(126)589-8660', '74374 Cottonwood Parkway', 'M', '1994-12-25T07:13:24Z', '2014-10-15T17:50:52Z', '1'),('kieron2208@gmail.com', 'ba3253876aed6bc22d4a6ff53d8406c6ad864195ed144ab5c87621b6c233b548baeae6956df346ec8c17f5ea10f35ee3cbc514797ed7ddd3145464e2a0bab413', '/img/user/user.jpg', 'Henry', 'Ruiz', '509-(330)258-7565', '8752 Oakridge Hill', 'M', '1989-06-10T06:00:10Z', '2015-03-15T01:53:29Z', '1'),('user@gmail.com', 'ba3253876aed6bc22d4a6ff53d8406c6ad864195ed144ab5c87621b6c233b548baeae6956df346ec8c17f5ea10f35ee3cbc514797ed7ddd3145464e2a0bab413', '/img/user/user.jpg', 'Timothy', 'Coleman', '46-(197)374-5560', '0 Sundown Court', 'M', '1991-12-16T03:45:08Z', '2015-02-11T16:49:20Z', '1'),('aramos1@google.de', '8204bbf1f3135659cd315302bec57b8cc38ac73b8c566c7cc8565f330bff195191fffa2a8e4a06480a6fd8c4f7922a8f9e2776515fbbcaf66cd152d676cad6be', '/img/user/user.jpg', 'Roger', 'Elliott', '1-(305)814-2558', '98121 Nova Crossing', 'M', '1996-01-02T23:01:28Z', '2015-06-17T17:31:12Z', '1'),('kclark2@microsoft.com', '6c491ddd51037361309ac6be0f792ace7356094530e0955855d10a04bb4c66fa7c80ad48d6c4ff5291cd90b9ae6aeb96c6b09c77942d3020028b75b6337f2115', '/img/user/user.jpg', 'Jack', 'Carpenter', '7-(256)847-4966', '70914 Burning Wood Drive', 'M', '1987-12-13T16:10:24Z', '2014-05-24T17:25:00Z', '1'),('cwagner3@hud.gov', 'dd5d440cf9eade36a15f2936706232fa0b6310d8b250249f71e5fed5dddf9e4e5ba0a1043505cbcaeff09ae58f7c89856bddd127b626c235b85dca66f854b3b2', '/img/user/user.jpg', 'Clarence', 'Wagner', '62-(362)235-9603', '8589 Vermont Plaza', 'M', '1990-02-18T14:53:37Z', '2014-10-07T02:49:43Z', '1'),('vjacobs4@xing.com', '2804671139f59745f976206051e8502b93a4020e5efa7fb8afce09378aa15307cd1305dcc0a38f8f4a13a860cc40bd70c7a80f33396139abdc87886ef040e604', '/img/user/user.jpg', 'Benjamin', 'Brown', '46-(629)276-3120', '54395 Algoma Drive', 'M', '1971-07-12T06:07:55Z', '2015-10-23T15:04:30Z', '1'),('dmartinez5@barnesandnoble.com', '13b2a5b6fc5d8ab99733f3d299be8024cf314056e31e479171236fd1db854e10f8c998ef05a96fc64f75a02178e0b999d1582cc96e6a11ab8359676fcc7d8993', '/img/user/user.jpg', 'Arthur', 'Wilson', '387-(797)137-6945', '4 Butternut Lane', 'M', '1994-03-08T07:14:40Z', '2015-01-14T02:29:58Z', '1'),('sdixon6@google.co.jp', '47ee6421f2e4743d594f26bd7d216597b41af46c7a9f8169582994e81b1bd3b0045063011e3c6435026c4497119eaf6acb61224218deeee46334e8ce2e9c83ea', '/img/user/user.jpg', 'Louise', 'Ellis', '62-(204)765-7547', '86948 Starling Center', 'F', '1990-05-24T18:29:49Z', '2015-04-11T13:58:07Z', '1'),('creed7@people.com.cn', 'f264bd95983a9667010a696836a8166cf30e39f690fbb3473f8283a5f00cc827c4ac4e4d176779204b6c9ad03a4f491d5bb31e2bfa1106174f489fbe48cdfbe4', '/img/user/user.jpg', 'Joan', 'Collins', '86-(306)295-8025', '1 3rd Avenue', 'F', '1990-01-03T10:38:54Z', '2015-04-26T18:12:47Z', '1'),('dgonzalez0@cmu.edu', 'ba3253876aed6bc22d4a6ff53d8406c6ad864195ed144ab5c87621b6c233b548baeae6956df346ec8c17f5ea10f35ee3cbc514797ed7ddd3145464e2a0bab413', '/img/user/user.jpg', 'Gonzalez', 'Denise', '353-(179)576-5546', '6 Alpine Court', 'F', '1993-10-09T16:26:27Z', '2015-04-28T03:55:54Z', '1'),('dalvarez1@skyrock.com', 'ba3253876aed6bc22d4a6ff53d8406c6ad864195ed144ab5c87621b6c233b548baeae6956df346ec8c17f5ea10f35ee3cbc514797ed7ddd3145464e2a0bab413', '/img/user/user.jpg', 'Alvarez', 'Daniel', '1-(121)566-9527', '23 Debs Point', 'M', '1986-07-24T18:56:57Z', '2015-07-11T12:38:38Z', '1'),('sscott2@si.edu', 'ba3253876aed6bc22d4a6ff53d8406c6ad864195ed144ab5c87621b6c233b548baeae6956df346ec8c17f5ea10f35ee3cbc514797ed7ddd3145464e2a0bab413', '/img/user/user.jpg', 'Scott', 'Scott', '86-(351)484-4164', '7149 Arizona Center', 'M', '1990-01-21T06:42:45Z', '2014-10-19T14:51:50Z', '1'),('jstephens3@webs.com', 'ba3253876aed6bc22d4a6ff53d8406c6ad864195ed144ab5c87621b6c233b548baeae6956df346ec8c17f5ea10f35ee3cbc514797ed7ddd3145464e2a0bab413', '/img/user/user.jpg', 'Stephens', 'Judy', '385-(633)631-7173', '79 Holy Cross Street', 'F', '1993-05-13T10:09:56Z', '2014-11-04T15:22:56Z', '1'),('awarren4@nifty.com', 'ba3253876aed6bc22d4a6ff53d8406c6ad864195ed144ab5c87621b6c233b548baeae6956df346ec8c17f5ea10f35ee3cbc514797ed7ddd3145464e2a0bab413', '/img/user/user.jpg', 'Warren', 'Adam', '86-(112)728-1592', '399 Northport Plaza', 'M', '1970-01-04T05:48:54Z', '2015-02-16T01:24:27Z', '1'),('preid5@mozilla.org', 'ba3253876aed6bc22d4a6ff53d8406c6ad864195ed144ab5c87621b6c233b548baeae6956df346ec8c17f5ea10f35ee3cbc514797ed7ddd3145464e2a0bab413', '/img/user/user.jpg', 'Reid', 'Pamela', '63-(650)612-4457', '32857 Washington Park', 'F', '1975-06-02T02:34:49Z', '2014-11-19T17:53:09Z', '1'),('bpeters6@google.nl', 'ba3253876aed6bc22d4a6ff53d8406c6ad864195ed144ab5c87621b6c233b548baeae6956df346ec8c17f5ea10f35ee3cbc514797ed7ddd3145464e2a0bab413', '/img/user/user.jpg', 'Peters', 'Benjamin', '505-(991)357-9200', '7134 Superior Place', 'M', '1996-03-27T15:23:50Z', '2015-06-21T04:05:27Z', '1'),('gpeterson7@acquirethisname.com', 'ba3253876aed6bc22d4a6ff53d8406c6ad864195ed144ab5c87621b6c233b548baeae6956df346ec8c17f5ea10f35ee3cbc514797ed7ddd3145464e2a0bab413', '/img/user/user.jpg', 'Peterson', 'Gary', '964-(222)304-0648', '12 Barby Hill', 'M', '1980-09-23T17:45:28Z', '2015-09-27T17:33:11Z', '1'),('dwest8@indiegogo.com', 'ba3253876aed6bc22d4a6ff53d8406c6ad864195ed144ab5c87621b6c233b548baeae6956df346ec8c17f5ea10f35ee3cbc514797ed7ddd3145464e2a0bab413', '/img/user/user.jpg', 'West', 'Deborah', '86-(485)925-6249', '02 Warrior Way', 'F', '1970-07-29T18:08:54Z', '2015-09-04T21:41:53Z', '1'),('eclark9@1und1.de', 'ba3253876aed6bc22d4a6ff53d8406c6ad864195ed144ab5c87621b6c233b548baeae6956df346ec8c17f5ea10f35ee3cbc514797ed7ddd3145464e2a0bab413', '/img/user/user.jpg', 'Clark', 'Elizabeth', '86-(875)144-5865', '194 Esker Pass', 'F', '1970-01-28T09:38:05Z', '2015-10-01T04:51:43Z', '1'),('lbanksa@cafepress.com', 'ba3253876aed6bc22d4a6ff53d8406c6ad864195ed144ab5c87621b6c233b548baeae6956df346ec8c17f5ea10f35ee3cbc514797ed7ddd3145464e2a0bab413', '/img/user/user.jpg', 'Banks', 'Larry', '7-(232)310-4512', '482 Schmedeman Terrace', 'M', '1971-06-21T08:19:37Z', '2015-04-28T14:30:19Z', '1'),('aortizb@sitemeter.com', 'ba3253876aed6bc22d4a6ff53d8406c6ad864195ed144ab5c87621b6c233b548baeae6956df346ec8c17f5ea10f35ee3cbc514797ed7ddd3145464e2a0bab413', '/img/user/user.jpg', 'Ortiz', 'Antonio', '52-(524)420-0309', '31081 Holy Cross Court', 'M', '1996-12-08T04:13:14Z', '2014-05-12T21:23:59Z', '1'),('tedwardsc@theguardian.com', 'ba3253876aed6bc22d4a6ff53d8406c6ad864195ed144ab5c87621b6c233b548baeae6956df346ec8c17f5ea10f35ee3cbc514797ed7ddd3145464e2a0bab413', '/img/user/user.jpg', 'Edwards', 'Tina', '86-(768)549-3227', '10072 Vahlen Trail', 'F', '1985-06-11T00:59:49Z', '2015-02-04T06:04:09Z', '1'),('dnicholsd@sourceforge.net', 'ba3253876aed6bc22d4a6ff53d8406c6ad864195ed144ab5c87621b6c233b548baeae6956df346ec8c17f5ea10f35ee3cbc514797ed7ddd3145464e2a0bab413', '/img/user/user.jpg', 'Nichols', 'Denise', '33-(883)598-8658', '81 Maple Wood Trail', 'F', '1974-07-04T05:06:04Z', '2015-04-15T13:14:03Z', '1'),('tlonge@vk.com', 'ba3253876aed6bc22d4a6ff53d8406c6ad864195ed144ab5c87621b6c233b548baeae6956df346ec8c17f5ea10f35ee3cbc514797ed7ddd3145464e2a0bab413', '/img/user/user.jpg', 'Long', 'Theresa', '62-(709)184-5501', '3 Old Shore Way', 'F', '1980-12-20T06:00:46Z', '2014-10-15T03:29:26Z', '1'),('tpaynef@bizjournals.com', 'ba3253876aed6bc22d4a6ff53d8406c6ad864195ed144ab5c87621b6c233b548baeae6956df346ec8c17f5ea10f35ee3cbc514797ed7ddd3145464e2a0bab413', '/img/user/user.jpg', 'Payne', 'Todd', '48-(696)575-4918', '76204 Coolidge Pass', 'M', '1976-07-13T01:17:19Z', '2014-03-25T11:43:07Z', '1'),('astevensg@dyndns.org', 'ba3253876aed6bc22d4a6ff53d8406c6ad864195ed144ab5c87621b6c233b548baeae6956df346ec8c17f5ea10f35ee3cbc514797ed7ddd3145464e2a0bab413', '/img/user/user.jpg', 'Stevens', 'Annie', '55-(368)684-2853', '86160 Hintze Way', 'F', '1993-06-06T20:23:56Z', '2014-02-16T10:17:00Z', '1'),('llewish@dot.gov', 'ba3253876aed6bc22d4a6ff53d8406c6ad864195ed144ab5c87621b6c233b548baeae6956df346ec8c17f5ea10f35ee3cbc514797ed7ddd3145464e2a0bab413', '/img/user/user.jpg', 'Lewis', 'Larry', '63-(931)813-5836', '7449 Basil Junction', 'M', '1982-03-06T10:51:08Z', '2014-09-28T18:09:50Z', '1'),('jbaileyi@a8.net', 'ba3253876aed6bc22d4a6ff53d8406c6ad864195ed144ab5c87621b6c233b548baeae6956df346ec8c17f5ea10f35ee3cbc514797ed7ddd3145464e2a0bab413', '/img/user/user.jpg', 'Bailey', 'Jesse', '970-(797)151-5282', '43 Warner Alley', 'M', '1984-06-22T16:12:15Z', '2014-02-04T18:41:43Z', '1'),('lsnyderj@e-recht24.de', 'ba3253876aed6bc22d4a6ff53d8406c6ad864195ed144ab5c87621b6c233b548baeae6956df346ec8c17f5ea10f35ee3cbc514797ed7ddd3145464e2a0bab413', '/img/user/user.jpg', 'Snyder', 'Louise', '20-(779)890-1753', '3 Tennessee Park', 'F', '1984-06-21T23:56:17Z', '2015-04-12T15:06:39Z', '1'),('galexanderk@mail.ru', 'ba3253876aed6bc22d4a6ff53d8406c6ad864195ed144ab5c87621b6c233b548baeae6956df346ec8c17f5ea10f35ee3cbc514797ed7ddd3145464e2a0bab413', '/img/user/user.jpg', 'Alexander', 'Gloria', '62-(406)516-7594', '7434 Charing Cross Avenue', 'F', '1983-08-10T19:05:09Z', '2015-09-28T18:45:29Z', '1'),('estewartl@macromedia.com', 'ba3253876aed6bc22d4a6ff53d8406c6ad864195ed144ab5c87621b6c233b548baeae6956df346ec8c17f5ea10f35ee3cbc514797ed7ddd3145464e2a0bab413', '/img/user/user.jpg', 'Stewart', 'Elizabeth', '57-(881)792-1448', '9404 Melody Court', 'F', '1970-10-17T14:24:53Z', '2015-11-27T07:18:47Z', '1'),('mallenm@cam.ac.uk', 'ba3253876aed6bc22d4a6ff53d8406c6ad864195ed144ab5c87621b6c233b548baeae6956df346ec8c17f5ea10f35ee3cbc514797ed7ddd3145464e2a0bab413', '/img/user/user.jpg', 'Allen', 'Mary', '63-(560)828-0161', '250 Kedzie Lane', 'F', '1993-07-28T13:24:38Z', '2015-04-12T05:06:43Z', '1'),('jrichardsonn@issuu.com', 'ba3253876aed6bc22d4a6ff53d8406c6ad864195ed144ab5c87621b6c233b548baeae6956df346ec8c17f5ea10f35ee3cbc514797ed7ddd3145464e2a0bab413', '/img/user/user.jpg', 'Richardson', 'Jimmy', '420-(302)223-7845', '0982 Shelley Terrace', 'M', '1987-06-26T02:54:00Z', '2015-10-27T09:17:54Z', '1'),('pmontgomeryo@fda.gov', 'ba3253876aed6bc22d4a6ff53d8406c6ad864195ed144ab5c87621b6c233b548baeae6956df346ec8c17f5ea10f35ee3cbc514797ed7ddd3145464e2a0bab413', '/img/user/user.jpg', 'Montgomery', 'Patricia', '86-(358)923-3755', '65 Fulton Plaza', 'F', '1994-02-13T15:09:36Z', '2015-01-29T01:24:11Z', '1'),('tmoralesp@linkedin.com', 'ba3253876aed6bc22d4a6ff53d8406c6ad864195ed144ab5c87621b6c233b548baeae6956df346ec8c17f5ea10f35ee3cbc514797ed7ddd3145464e2a0bab413', '/img/user/user.jpg', 'Morales', 'Teresa', '63-(288)518-1373', '668 Granby Point', 'F', '1980-05-13T06:42:31Z', '2014-10-10T07:52:10Z', '1'),('agordonq@domainmarket.com', 'ba3253876aed6bc22d4a6ff53d8406c6ad864195ed144ab5c87621b6c233b548baeae6956df346ec8c17f5ea10f35ee3cbc514797ed7ddd3145464e2a0bab413', '/img/user/user.jpg', 'Gordon', 'Angela', '221-(949)902-9840', '20 Dovetail Drive', 'F', '1985-02-13T19:05:03Z', '2015-03-11T21:13:41Z', '1'),('rhillr@123-reg.co.uk', 'ba3253876aed6bc22d4a6ff53d8406c6ad864195ed144ab5c87621b6c233b548baeae6956df346ec8c17f5ea10f35ee3cbc514797ed7ddd3145464e2a0bab413', '/img/user/user.jpg', 'Hill', 'Raymond', '46-(819)857-0742', '91 Stephen Point', 'M', '1995-02-23T18:31:02Z', '2014-10-15T21:24:13Z', '1'),('jwarrens@huffingtonpost.com', 'ba3253876aed6bc22d4a6ff53d8406c6ad864195ed144ab5c87621b6c233b548baeae6956df346ec8c17f5ea10f35ee3cbc514797ed7ddd3145464e2a0bab413', '/img/user/user.jpg', 'Warren', 'Jerry', '7-(168)248-8843', '48 Muir Trail', 'M', '1997-04-18T14:58:24Z', '2014-01-05T18:38:55Z', '1'),('pwoodt@cnet.com', 'ba3253876aed6bc22d4a6ff53d8406c6ad864195ed144ab5c87621b6c233b548baeae6956df346ec8c17f5ea10f35ee3cbc514797ed7ddd3145464e2a0bab413', '/img/user/user.jpg', 'Wood', 'Paula', '7-(984)211-6313', '4412 Village Pass', 'F', '1979-03-05T17:29:11Z', '2014-10-04T13:47:46Z', '1'),('ahughesu@hc360.com', 'ba3253876aed6bc22d4a6ff53d8406c6ad864195ed144ab5c87621b6c233b548baeae6956df346ec8c17f5ea10f35ee3cbc514797ed7ddd3145464e2a0bab413', '/img/user/user.jpg', 'Hughes', 'Alice', '251-(669)438-6695', '05696 Hollow Ridge Parkway', 'F', '1973-03-27T23:17:29Z', '2015-04-22T02:56:58Z', '1'),('aricev@phpbb.com', 'ba3253876aed6bc22d4a6ff53d8406c6ad864195ed144ab5c87621b6c233b548baeae6956df346ec8c17f5ea10f35ee3cbc514797ed7ddd3145464e2a0bab413', '/img/user/user.jpg', 'Rice', 'Antonio', '48-(549)103-9094', '5650 Harper Road', 'M', '1985-08-03T12:46:30Z', '2015-06-24T11:16:44Z', '1'),('lallenw@chicagotribune.com', 'ba3253876aed6bc22d4a6ff53d8406c6ad864195ed144ab5c87621b6c233b548baeae6956df346ec8c17f5ea10f35ee3cbc514797ed7ddd3145464e2a0bab413', '/img/user/user.jpg', 'Allen', 'Louise', '86-(292)805-2512', '054 Vermont Court', 'F', '1973-02-20T16:54:57Z', '2015-11-27T18:40:53Z', '1'),('mbellx@sakura.ne.jp', 'ba3253876aed6bc22d4a6ff53d8406c6ad864195ed144ab5c87621b6c233b548baeae6956df346ec8c17f5ea10f35ee3cbc514797ed7ddd3145464e2a0bab413', '/img/user/user.jpg', 'Bell', 'Margaret', '54-(858)584-2892', '6 Orin Place', 'F', '1984-08-30T19:14:59Z', '2014-09-22T16:41:04Z', '1'),('msullivany@mail.ru', 'ba3253876aed6bc22d4a6ff53d8406c6ad864195ed144ab5c87621b6c233b548baeae6956df346ec8c17f5ea10f35ee3cbc514797ed7ddd3145464e2a0bab413', '/img/user/user.jpg', 'Sullivan', 'Margaret', '63-(349)585-3743', '9 Morningstar Pass', 'F', '1979-08-19T07:39:23Z', '2015-04-06T01:50:53Z', '1'),('jhayesz@va.gov', 'ba3253876aed6bc22d4a6ff53d8406c6ad864195ed144ab5c87621b6c233b548baeae6956df346ec8c17f5ea10f35ee3cbc514797ed7ddd3145464e2a0bab413', '/img/user/user.jpg', 'Hayes', 'Juan', '234-(751)380-9065', '9 Farwell Circle', 'M', '1995-02-10T21:29:04Z', '2015-06-15T08:49:22Z', '1'),('amiller10@multiply.com', 'ba3253876aed6bc22d4a6ff53d8406c6ad864195ed144ab5c87621b6c233b548baeae6956df346ec8c17f5ea10f35ee3cbc514797ed7ddd3145464e2a0bab413', '/img/user/user.jpg', 'Miller', 'Anthony', '86-(684)957-0902', '36918 Fisk Crossing', 'M', '1993-11-03T04:17:59Z', '2015-04-25T10:42:09Z', '1'),('jbowman11@kickstarter.com', 'ba3253876aed6bc22d4a6ff53d8406c6ad864195ed144ab5c87621b6c233b548baeae6956df346ec8c17f5ea10f35ee3cbc514797ed7ddd3145464e2a0bab413', '/img/user/user.jpg', 'Bowman', 'Joe', '46-(249)818-8986', '53310 Stoughton Terrace', 'M', '1987-11-28T16:47:56Z', '2015-09-12T09:04:56Z', '1'),('mtaylor12@scientificamerican.com', 'ba3253876aed6bc22d4a6ff53d8406c6ad864195ed144ab5c87621b6c233b548baeae6956df346ec8c17f5ea10f35ee3cbc514797ed7ddd3145464e2a0bab413', '/img/user/user.jpg', 'Taylor', 'Melissa', '234-(645)967-2142', '7843 Monica Junction', 'F', '1992-01-12T05:52:56Z', '2014-07-05T09:11:41Z', '1'),('jreed13@cam.ac.uk', 'ba3253876aed6bc22d4a6ff53d8406c6ad864195ed144ab5c87621b6c233b548baeae6956df346ec8c17f5ea10f35ee3cbc514797ed7ddd3145464e2a0bab413', '/img/user/user.jpg', 'Reed', 'Jessica', '963-(986)521-5966', '3231 Mitchell Drive', 'F', '1982-08-06T05:14:16Z', '2015-01-19T18:35:48Z', '1');
INSERT INTO [Account] ([Email], [Password], [ImageLink], [FirstName], [LastName], [Phone], [Address], [Gender], [DayOfBirth], [CreatedDate], [isAvailable]) VALUES ('pfox14@cbc.ca', 'ba3253876aed6bc22d4a6ff53d8406c6ad864195ed144ab5c87621b6c233b548baeae6956df346ec8c17f5ea10f35ee3cbc514797ed7ddd3145464e2a0bab413', '/img/user/user.jpg', 'Fox', 'Phyllis', '358-(570)761-6024', '65 Petterle Terrace', 'F', '1995-12-25T19:54:16Z', '2015-03-10T08:49:04Z', '1'),('lclark15@purevolume.com', 'ba3253876aed6bc22d4a6ff53d8406c6ad864195ed144ab5c87621b6c233b548baeae6956df346ec8c17f5ea10f35ee3cbc514797ed7ddd3145464e2a0bab413', '/img/user/user.jpg', 'Clark', 'Linda', '46-(644)920-5125', '2 Alpine Plaza', 'F', '1987-10-13T16:35:24Z', '2014-06-11T01:04:47Z', '1'),('jmills16@issuu.com', 'ba3253876aed6bc22d4a6ff53d8406c6ad864195ed144ab5c87621b6c233b548baeae6956df346ec8c17f5ea10f35ee3cbc514797ed7ddd3145464e2a0bab413', '/img/user/user.jpg', 'Mills', 'Jonathan', '86-(599)937-0894', '5907 Oak Center', 'M', '1985-07-29T14:19:13Z', '2014-08-24T08:26:36Z', '1'),('mnichols17@devhub.com', 'ba3253876aed6bc22d4a6ff53d8406c6ad864195ed144ab5c87621b6c233b548baeae6956df346ec8c17f5ea10f35ee3cbc514797ed7ddd3145464e2a0bab413', '/img/user/user.jpg', 'Nichols', 'Matthew', '63-(958)645-9331', '5952 Karstens Hill', 'M', '1995-08-11T11:05:57Z', '2014-10-24T05:45:19Z', '1'),('jbrooks18@ihg.com', 'ba3253876aed6bc22d4a6ff53d8406c6ad864195ed144ab5c87621b6c233b548baeae6956df346ec8c17f5ea10f35ee3cbc514797ed7ddd3145464e2a0bab413', '/img/user/user.jpg', 'Brooks', 'Janice', '1-(989)253-9600', '7 Pepper Wood Lane', 'F', '1987-09-15T10:36:42Z', '2014-07-17T14:15:27Z', '1'),('lwest19@opera.com', 'ba3253876aed6bc22d4a6ff53d8406c6ad864195ed144ab5c87621b6c233b548baeae6956df346ec8c17f5ea10f35ee3cbc514797ed7ddd3145464e2a0bab413', '/img/user/user.jpg', 'West', 'Lois', '33-(690)306-7534', '3655 Mallard Park', 'F', '1988-01-11T16:35:00Z', '2015-03-22T17:48:59Z', '1'),('jpayne1a@bigcartel.com', 'ba3253876aed6bc22d4a6ff53d8406c6ad864195ed144ab5c87621b6c233b548baeae6956df346ec8c17f5ea10f35ee3cbc514797ed7ddd3145464e2a0bab413', '/img/user/user.jpg', 'Payne', 'James', '976-(663)255-5877', '830 Fulton Street', 'M', '1983-07-14T03:06:42Z', '2014-05-01T12:30:56Z', '1'),('mstanley1b@parallels.com', 'ba3253876aed6bc22d4a6ff53d8406c6ad864195ed144ab5c87621b6c233b548baeae6956df346ec8c17f5ea10f35ee3cbc514797ed7ddd3145464e2a0bab413', '/img/user/user.jpg', 'Stanley', 'Maria', '216-(155)148-1477', '6128 5th Circle', 'F', '1981-10-28T03:31:52Z', '2015-11-04T00:47:46Z', '1'),('rmoreno1c@go.com', 'ba3253876aed6bc22d4a6ff53d8406c6ad864195ed144ab5c87621b6c233b548baeae6956df346ec8c17f5ea10f35ee3cbc514797ed7ddd3145464e2a0bab413', '/img/user/user.jpg', 'Moreno', 'Robert', '420-(713)592-9045', '8022 Talisman Parkway', 'M', '1985-07-12T00:31:22Z', '2014-04-16T03:38:05Z', '1'),('vwright1d@jigsy.com', 'ba3253876aed6bc22d4a6ff53d8406c6ad864195ed144ab5c87621b6c233b548baeae6956df346ec8c17f5ea10f35ee3cbc514797ed7ddd3145464e2a0bab413', '/img/user/user.jpg', 'Wright', 'Victor', '63-(356)719-4806', '13758 Manitowish Crossing', 'M', '1994-10-17T02:45:37Z', '2015-10-07T17:19:35Z', '1'),('egarcia1e@w3.org', 'ba3253876aed6bc22d4a6ff53d8406c6ad864195ed144ab5c87621b6c233b548baeae6956df346ec8c17f5ea10f35ee3cbc514797ed7ddd3145464e2a0bab413', '/img/user/user.jpg', 'Garcia', 'Edward', '84-(857)313-4446', '1033 Swallow Court', 'M', '1985-08-25T10:26:10Z', '2014-05-19T20:31:21Z', '1'),('lfisher1f@mayoclinic.com', 'ba3253876aed6bc22d4a6ff53d8406c6ad864195ed144ab5c87621b6c233b548baeae6956df346ec8c17f5ea10f35ee3cbc514797ed7ddd3145464e2a0bab413', '/img/user/user.jpg', 'Fisher', 'Lori', '351-(888)111-5219', '1555 Doe Crossing Road', 'F', '1982-07-26T04:24:40Z', '2014-03-22T22:20:46Z', '1'),('jbryant1g@mashable.com', 'ba3253876aed6bc22d4a6ff53d8406c6ad864195ed144ab5c87621b6c233b548baeae6956df346ec8c17f5ea10f35ee3cbc514797ed7ddd3145464e2a0bab413', '/img/user/user.jpg', 'Bryant', 'John', '34-(394)500-8144', '10 Pond Pass', 'M', '1987-11-07T06:32:15Z', '2014-08-08T23:46:14Z', '1'),('jphillips1h@booking.com', 'ba3253876aed6bc22d4a6ff53d8406c6ad864195ed144ab5c87621b6c233b548baeae6956df346ec8c17f5ea10f35ee3cbc514797ed7ddd3145464e2a0bab413', '/img/user/user.jpg', 'Phillips', 'Jason', '63-(735)970-8372', '0 Amoth Circle', 'M', '1977-06-24T05:24:38Z', '2014-08-28T20:07:34Z', '1'),('awashington1i@artisteer.com', 'ba3253876aed6bc22d4a6ff53d8406c6ad864195ed144ab5c87621b6c233b548baeae6956df346ec8c17f5ea10f35ee3cbc514797ed7ddd3145464e2a0bab413', '/img/user/user.jpg', 'Washington', 'Ann', '62-(626)749-4085', '424 Lyons Way', 'F', '1972-03-24T22:13:22Z', '2015-10-17T04:57:08Z', '1'),('jtorres1j@economist.com', 'ba3253876aed6bc22d4a6ff53d8406c6ad864195ed144ab5c87621b6c233b548baeae6956df346ec8c17f5ea10f35ee3cbc514797ed7ddd3145464e2a0bab413', '/img/user/user.jpg', 'Torres', 'Jennifer', '30-(753)813-4042', '802 Dwight Junction', 'F', '1972-11-13T02:30:28Z', '2015-12-02T09:43:23Z', '1'),('jhansen1k@elpais.com', 'ba3253876aed6bc22d4a6ff53d8406c6ad864195ed144ab5c87621b6c233b548baeae6956df346ec8c17f5ea10f35ee3cbc514797ed7ddd3145464e2a0bab413', '/img/user/user.jpg', 'Hansen', 'Julia', '63-(285)191-9909', '63659 Emmet Parkway', 'F', '1987-04-04T00:49:56Z', '2014-10-13T04:19:08Z', '1'),('lhansen1l@artisteer.com', 'ba3253876aed6bc22d4a6ff53d8406c6ad864195ed144ab5c87621b6c233b548baeae6956df346ec8c17f5ea10f35ee3cbc514797ed7ddd3145464e2a0bab413', '/img/user/user.jpg', 'Hansen', 'Larry', '48-(728)733-4632', '70 Brentwood Way', 'M', '1981-08-06T16:52:59Z', '2015-07-31T13:24:46Z', '1'),('rbrown1m@nbcnews.com', 'ba3253876aed6bc22d4a6ff53d8406c6ad864195ed144ab5c87621b6c233b548baeae6956df346ec8c17f5ea10f35ee3cbc514797ed7ddd3145464e2a0bab413', '/img/user/user.jpg', 'Brown', 'Robin', '254-(408)116-6476', '4 Kropf Lane', 'F', '1993-08-22T23:10:57Z', '2015-08-07T23:10:57Z', '1'),('mgonzales1n@economist.com', 'ba3253876aed6bc22d4a6ff53d8406c6ad864195ed144ab5c87621b6c233b548baeae6956df346ec8c17f5ea10f35ee3cbc514797ed7ddd3145464e2a0bab413', '/img/user/user.jpg', 'Gonzales', 'Margaret', '55-(768)922-4985', '9 Maple Wood Trail', 'F', '1993-10-06T09:45:47Z', '2015-05-13T23:59:06Z', '1'),('cgilbert1o@europa.eu', 'ba3253876aed6bc22d4a6ff53d8406c6ad864195ed144ab5c87621b6c233b548baeae6956df346ec8c17f5ea10f35ee3cbc514797ed7ddd3145464e2a0bab413', '/img/user/user.jpg', 'Gilbert', 'Carl', '86-(863)234-7520', '218 Doe Crossing Parkway', 'M', '1997-05-21T01:15:46Z', '2015-07-04T06:57:37Z', '1'),('ajones1p@globo.com', 'ba3253876aed6bc22d4a6ff53d8406c6ad864195ed144ab5c87621b6c233b548baeae6956df346ec8c17f5ea10f35ee3cbc514797ed7ddd3145464e2a0bab413', '/img/user/user.jpg', 'Jones', 'Arthur', '33-(848)182-1038', '101 Sutteridge Way', 'M', '1974-08-25T10:22:57Z', '2014-03-30T00:25:17Z', '1'),('bstanley1q@godaddy.com', 'ba3253876aed6bc22d4a6ff53d8406c6ad864195ed144ab5c87621b6c233b548baeae6956df346ec8c17f5ea10f35ee3cbc514797ed7ddd3145464e2a0bab413', '/img/user/user.jpg', 'Stanley', 'Bobby', '54-(938)674-5203', '0 Eagan Point', 'M', '1994-04-16T17:41:44Z', '2015-08-27T12:34:50Z', '1'),('tbutler1r@psu.edu', 'ba3253876aed6bc22d4a6ff53d8406c6ad864195ed144ab5c87621b6c233b548baeae6956df346ec8c17f5ea10f35ee3cbc514797ed7ddd3145464e2a0bab413', '/img/user/user.jpg', 'Butler', 'Thomas', '62-(181)994-4022', '06141 Declaration Court', 'M', '1975-10-05T03:02:28Z', '2015-03-10T05:55:58Z', '1'),('bkelley1s@slate.com', 'ba3253876aed6bc22d4a6ff53d8406c6ad864195ed144ab5c87621b6c233b548baeae6956df346ec8c17f5ea10f35ee3cbc514797ed7ddd3145464e2a0bab413', '/img/user/user.jpg', 'Kelley', 'Brian', '505-(741)791-9420', '26 Anthes Junction', 'M', '1973-10-06T08:00:10Z', '2014-08-16T23:10:33Z', '1'),('aperkins1t@about.com', 'ba3253876aed6bc22d4a6ff53d8406c6ad864195ed144ab5c87621b6c233b548baeae6956df346ec8c17f5ea10f35ee3cbc514797ed7ddd3145464e2a0bab413', '/img/user/user.jpg', 'Perkins', 'Amanda', '86-(218)487-8541', '6413 Bluestem Avenue', 'F', '1983-01-30T10:37:38Z', '2014-09-25T00:35:23Z', '1'),('ikennedy1u@1und1.de', 'ba3253876aed6bc22d4a6ff53d8406c6ad864195ed144ab5c87621b6c233b548baeae6956df346ec8c17f5ea10f35ee3cbc514797ed7ddd3145464e2a0bab413', '/img/user/user.jpg', 'Kennedy', 'Irene', '63-(146)213-9956', '5244 Lighthouse Bay Plaza', 'F', '1970-09-18T02:28:17Z', '2015-01-22T13:58:32Z', '1'),('mking1v@studiopress.com', 'ba3253876aed6bc22d4a6ff53d8406c6ad864195ed144ab5c87621b6c233b548baeae6956df346ec8c17f5ea10f35ee3cbc514797ed7ddd3145464e2a0bab413', '/img/user/user.jpg', 'King', 'Matthew', '63-(614)359-6126', '9 Pond Circle', 'M', '1980-04-15T02:01:09Z', '2015-07-23T00:17:09Z', '1'),('lgeorge1w@ucoz.com', 'ba3253876aed6bc22d4a6ff53d8406c6ad864195ed144ab5c87621b6c233b548baeae6956df346ec8c17f5ea10f35ee3cbc514797ed7ddd3145464e2a0bab413', '/img/user/user.jpg', 'George', 'Lori', '385-(319)969-3028', '0746 Randy Avenue', 'F', '1980-02-23T08:03:19Z', '2015-06-21T01:02:03Z', '1'),('kmurphy1x@macromedia.com', 'ba3253876aed6bc22d4a6ff53d8406c6ad864195ed144ab5c87621b6c233b548baeae6956df346ec8c17f5ea10f35ee3cbc514797ed7ddd3145464e2a0bab413', '/img/user/user.jpg', 'Murphy', 'Karen', '55-(480)578-8513', '621 Corry Circle', 'F', '1987-10-17T06:00:27Z', '2014-05-29T21:45:58Z', '1'),('bking1y@microsoft.com', 'ba3253876aed6bc22d4a6ff53d8406c6ad864195ed144ab5c87621b6c233b548baeae6956df346ec8c17f5ea10f35ee3cbc514797ed7ddd3145464e2a0bab413', '/img/user/user.jpg', 'King', 'Benjamin', '234-(729)920-2204', '4120 Maryland Way', 'M', '1993-10-24T22:29:37Z', '2015-11-01T04:49:00Z', '1'),('mgarcia1z@whitehouse.gov', 'ba3253876aed6bc22d4a6ff53d8406c6ad864195ed144ab5c87621b6c233b548baeae6956df346ec8c17f5ea10f35ee3cbc514797ed7ddd3145464e2a0bab413', '/img/user/user.jpg', 'Garcia', 'Martin', '55-(652)306-8894', '9598 Pleasure Center', 'M', '1996-05-14T08:13:00Z', '2015-07-05T21:37:13Z', '1'),('phenderson20@shop-pro.jp', 'ba3253876aed6bc22d4a6ff53d8406c6ad864195ed144ab5c87621b6c233b548baeae6956df346ec8c17f5ea10f35ee3cbc514797ed7ddd3145464e2a0bab413', '/img/user/user.jpg', 'Henderson', 'Phyllis', '86-(181)799-3163', '8 Anderson Way', 'F', '1977-09-24T19:58:08Z', '2015-10-16T21:48:49Z', '1'),('cwelch21@rakuten.co.jp', 'ba3253876aed6bc22d4a6ff53d8406c6ad864195ed144ab5c87621b6c233b548baeae6956df346ec8c17f5ea10f35ee3cbc514797ed7ddd3145464e2a0bab413', '/img/user/user.jpg', 'Welch', 'Christine', '86-(115)538-0462', '9 Sommers Junction', 'F', '1982-10-07T16:27:14Z', '2015-06-27T16:59:43Z', '1'),('jmorales22@yellowpages.com', 'ba3253876aed6bc22d4a6ff53d8406c6ad864195ed144ab5c87621b6c233b548baeae6956df346ec8c17f5ea10f35ee3cbc514797ed7ddd3145464e2a0bab413', '/img/user/user.jpg', 'Morales', 'Jesse', '86-(557)889-4901', '51571 Evergreen Terrace', 'M', '1976-11-04T09:58:43Z', '2015-06-17T17:32:54Z', '1'),('rfisher23@dmoz.org', 'ba3253876aed6bc22d4a6ff53d8406c6ad864195ed144ab5c87621b6c233b548baeae6956df346ec8c17f5ea10f35ee3cbc514797ed7ddd3145464e2a0bab413', '/img/user/user.jpg', 'Fisher', 'Ronald', '86-(110)499-8174', '8559 Sunnyside Terrace', 'M', '1995-12-27T02:21:33Z', '2015-11-23T17:49:41Z', '1'),('gcox24@barnesandnoble.com', 'ba3253876aed6bc22d4a6ff53d8406c6ad864195ed144ab5c87621b6c233b548baeae6956df346ec8c17f5ea10f35ee3cbc514797ed7ddd3145464e2a0bab413', '/img/user/user.jpg', 'Cox', 'Gary', '62-(383)749-9601', '95795 Blaine Place', 'M', '1970-08-14T23:16:05Z', '2015-09-13T13:28:31Z', '1'),('cmoore25@lulu.com', 'ba3253876aed6bc22d4a6ff53d8406c6ad864195ed144ab5c87621b6c233b548baeae6956df346ec8c17f5ea10f35ee3cbc514797ed7ddd3145464e2a0bab413', '/img/user/user.jpg', 'Moore', 'Catherine', '86-(570)923-1477', '0371 Dakota Center', 'F', '1976-08-05T13:24:33Z', '2014-05-06T16:38:09Z', '1'),('mbrown26@economist.com', 'ba3253876aed6bc22d4a6ff53d8406c6ad864195ed144ab5c87621b6c233b548baeae6956df346ec8c17f5ea10f35ee3cbc514797ed7ddd3145464e2a0bab413', '/img/user/user.jpg', 'Brown', 'Michelle', '86-(607)910-8608', '44275 Dottie Junction', 'F', '1979-04-11T14:11:47Z', '2015-04-04T03:33:39Z', '1'),('jlewis27@ow.ly', 'ba3253876aed6bc22d4a6ff53d8406c6ad864195ed144ab5c87621b6c233b548baeae6956df346ec8c17f5ea10f35ee3cbc514797ed7ddd3145464e2a0bab413', '/img/user/user.jpg', 'Lewis', 'Joan', '63-(919)504-1982', '975 Coleman Road', 'F', '1977-09-13T19:45:59Z', '2015-03-04T09:28:29Z', '1'),('sharvey28@cafepress.com', 'ba3253876aed6bc22d4a6ff53d8406c6ad864195ed144ab5c87621b6c233b548baeae6956df346ec8c17f5ea10f35ee3cbc514797ed7ddd3145464e2a0bab413', '/img/user/user.jpg', 'Harvey', 'Sara', '86-(906)441-5622', '83476 Dahle Parkway', 'F', '1982-10-27T07:13:44Z', '2015-01-17T16:08:24Z', '1'),('cmorgan29@exblog.jp', 'ba3253876aed6bc22d4a6ff53d8406c6ad864195ed144ab5c87621b6c233b548baeae6956df346ec8c17f5ea10f35ee3cbc514797ed7ddd3145464e2a0bab413', '/img/user/user.jpg', 'Morgan', 'Craig', '351-(440)425-2034', '10 Old Shore Way', 'M', '1974-08-28T02:33:21Z', '2015-10-18T10:27:44Z', '1'),('bhunt2a@wufoo.com', 'ba3253876aed6bc22d4a6ff53d8406c6ad864195ed144ab5c87621b6c233b548baeae6956df346ec8c17f5ea10f35ee3cbc514797ed7ddd3145464e2a0bab413', '/img/user/user.jpg', 'Hunt', 'Bruce', '62-(904)225-5301', '85 Hoffman Street', 'M', '1997-12-08T01:42:52Z', '2014-03-02T09:12:28Z', '1'),('rbell2b@engadget.com', 'ba3253876aed6bc22d4a6ff53d8406c6ad864195ed144ab5c87621b6c233b548baeae6956df346ec8c17f5ea10f35ee3cbc514797ed7ddd3145464e2a0bab413', '/img/user/user.jpg', 'Bell', 'Raymond', '420-(798)630-3922', '181 Mccormick Crossing', 'M', '1990-07-29T12:43:42Z', '2015-04-04T02:50:34Z', '1'),('lbrown2c@google.fr', 'ba3253876aed6bc22d4a6ff53d8406c6ad864195ed144ab5c87621b6c233b548baeae6956df346ec8c17f5ea10f35ee3cbc514797ed7ddd3145464e2a0bab413', '/img/user/user.jpg', 'Brown', 'Louise', '267-(590)911-5553', '2 Katie Trail', 'F', '1989-05-29T22:00:20Z', '2014-12-26T08:00:02Z', '1'),('clawrence2d@ted.com', 'ba3253876aed6bc22d4a6ff53d8406c6ad864195ed144ab5c87621b6c233b548baeae6956df346ec8c17f5ea10f35ee3cbc514797ed7ddd3145464e2a0bab413', '/img/user/user.jpg', 'Lawrence', 'Carlos', '86-(799)548-6395', '66691 Reinke Plaza', 'M', '1984-11-26T21:24:15Z', '2015-03-03T08:59:18Z', '1'),('asanders2e@nyu.edu', 'ba3253876aed6bc22d4a6ff53d8406c6ad864195ed144ab5c87621b6c233b548baeae6956df346ec8c17f5ea10f35ee3cbc514797ed7ddd3145464e2a0bab413', '/img/user/user.jpg', 'Sanders', 'Anthony', '62-(459)587-5731', '62 Hansons Terrace', 'M', '1991-03-09T04:17:27Z', '2014-03-25T09:52:16Z', '1'),('jmccoy2f@ebay.co.uk', 'ba3253876aed6bc22d4a6ff53d8406c6ad864195ed144ab5c87621b6c233b548baeae6956df346ec8c17f5ea10f35ee3cbc514797ed7ddd3145464e2a0bab413', '/img/user/user.jpg', 'Mccoy', 'Johnny', '81-(119)777-7540', '5787 Lighthouse Bay Alley', 'M', '1980-02-28T06:11:54Z', '2015-04-29T06:45:09Z', '1'),('alee2g@w3.org', 'ba3253876aed6bc22d4a6ff53d8406c6ad864195ed144ab5c87621b6c233b548baeae6956df346ec8c17f5ea10f35ee3cbc514797ed7ddd3145464e2a0bab413', '/img/user/user.jpg', 'Lee', 'Adam', '86-(189)774-7119', '4326 Steensland Crossing', 'M', '1992-03-18T14:03:55Z', '2015-02-13T04:56:38Z', '1'),('pwhite2h@taobao.com', 'ba3253876aed6bc22d4a6ff53d8406c6ad864195ed144ab5c87621b6c233b548baeae6956df346ec8c17f5ea10f35ee3cbc514797ed7ddd3145464e2a0bab413', '/img/user/user.jpg', 'White', 'Paul', '86-(685)780-8846', '7 Charing Cross Parkway', 'M', '1984-01-19T06:32:46Z', '2014-04-16T03:00:37Z', '1');
GO

INSERT INTO [AccountRole] ([Email], [Role]) VALUES ('admin@yourstore.com', 'ADMINISTRATOR'),('admin@yourstore.com', 'SALEPERSON'),('admin@yourstore.com', 'USER'),('agordonq@domainmarket.com', 'USER'),('ahughesu@hc360.com', 'USER'),('ajones1p@globo.com', 'USER'),('alee2g@w3.org', 'USER'),('amiller10@multiply.com', 'USER'),('aortizb@sitemeter.com', 'USER'),('aperkins1t@about.com', 'USER'),('aramos1@google.de', 'USER'),('aricev@phpbb.com', 'USER'),('asanders2e@nyu.edu', 'USER'),('astevensg@dyndns.org', 'USER'),('awarren4@nifty.com', 'USER'),('awashington1i@artisteer.com', 'USER'),('bhunt2a@wufoo.com', 'USER'),('bkelley1s@slate.com', 'USER'),('bking1y@microsoft.com', 'USER'),('bpeters6@google.nl', 'USER'),('bstanley1q@godaddy.com', 'USER'),('cgilbert1o@europa.eu', 'USER'),('clawrence2d@ted.com', 'USER'),('cmoore25@lulu.com', 'USER'),('cmorgan29@exblog.jp', 'USER'),('creed7@people.com.cn', 'USER'),('cwagner3@hud.gov', 'USER'),('cwelch21@rakuten.co.jp', 'USER'),('dalvarez1@skyrock.com', 'USER'),('dgonzalez0@cmu.edu', 'USER'),('dnicholsd@sourceforge.net', 'USER'),('dwest8@indiegogo.com', 'USER'),('eclark9@1und1.de', 'USER'),('egarcia1e@w3.org', 'USER'),('estewartl@macromedia.com', 'USER'),('galexanderk@mail.ru', 'USER'),('gcox24@barnesandnoble.com', 'USER'),('gpeterson7@acquirethisname.com', 'USER'),('ikennedy1u@1und1.de', 'USER'),('jbaileyi@a8.net', 'USER'),('jbowman11@kickstarter.com', 'USER'),('jbrooks18@ihg.com', 'USER'),('jbryant1g@mashable.com', 'USER'),('jhansen1k@elpais.com', 'USER'),('jhayesz@va.gov', 'USER'),('jlewis27@ow.ly', 'USER'),('jmccoy2f@ebay.co.uk', 'USER'),('jmills16@issuu.com', 'USER'),('jmorales22@yellowpages.com', 'USER'),('jpayne1a@bigcartel.com', 'USER');
INSERT INTO [AccountRole] ([Email], [Role]) VALUES ('jphillips1h@booking.com', 'USER'),('jreed13@cam.ac.uk', 'USER'),('jrichardsonn@issuu.com', 'USER'),('jstephens3@webs.com', 'USER'),('jtorres1j@economist.com', 'USER'),('jwarrens@huffingtonpost.com', 'USER'),('kclark2@microsoft.com', 'USER'),('kieron2208@gmail.com', 'SALEPERSON'),('kieron2208@gmail.com', 'USER'),('kmurphy1x@macromedia.com', 'USER'),('lallenw@chicagotribune.com', 'USER'),('lbanksa@cafepress.com', 'USER'),('lbrown2c@google.fr', 'USER'),('lclark15@purevolume.com', 'USER'),('lfisher1f@mayoclinic.com', 'USER'),('lgeorge1w@ucoz.com', 'USER'),('lhansen1l@artisteer.com', 'USER'),('llewish@dot.gov', 'USER'),('lsnyderj@e-recht24.de', 'USER'),('lwest19@opera.com', 'USER'),('mallenm@cam.ac.uk', 'USER'),('martinez5@barnesandnoble.com', 'USER'),('mbellx@sakura.ne.jp', 'USER'),('mbrown26@economist.com', 'USER'),('mgarcia1z@whitehouse.gov', 'USER'),('mgonzales1n@economist.com', 'USER'),('mking1v@studiopress.com', 'USER'),('mnichols17@devhub.com', 'USER'),('mstanley1b@parallels.com', 'USER'),('msullivany@mail.ru', 'USER'),('mtaylor12@scientificamerican.com', 'USER'),('pfox14@cbc.ca', 'USER'),('phenderson20@shop-pro.jp', 'USER'),('pmontgomeryo@fda.gov', 'USER'),('preid5@mozilla.org', 'USER'),('pwhite2h@taobao.com', 'USER'),('pwoodt@cnet.com', 'USER'),('rbell2b@engadget.com', 'USER'),('rbrown1m@nbcnews.com', 'USER'),('rfisher23@dmoz.org', 'USER'),('rhillr@123-reg.co.uk', 'USER'),('rmoreno1c@go.com', 'USER'),('sdixon6@google.co.jp', 'USER'),('sharvey28@cafepress.com', 'USER'),('sscott2@si.edu', 'USER'),('tbutler1r@psu.edu', 'USER'),('tedwardsc@theguardian.com', 'USER'),('tlonge@vk.com', 'USER'),('tmoralesp@linkedin.com', 'USER'),('tpaynef@bizjournals.com', 'USER'),('user@gmail.com', 'USER');
INSERT INTO [AccountRole] ([Email], [Role]) VALUES ('vjacobs4@xing.com', 'USER'),('vwright1d@jigsy.com', 'USER');
GO

INSERT INTO [FeedBack] ([AccountId], [Status], [Title], [Description]) VALUES ('6', '1', 'Nunc rhoncus dui vel sem.', 'Sed sagittis. Nam congue, risus semper porta volutpat, quam pede lobortis ligula, sit amet eleifend pede libero quis orci. Nullam molestie nibh in lectus.'),('4', '1', 'Proin eu mi.', 'Cras non velit nec nisi vulputate nonummy. Maecenas tincidunt lacus at velit. Vivamus vel nulla eget eros elementum pellentesque.

Quisque porta volutpat erat. Quisque erat eros, viverra eget, congue eget, semper rutrum, nulla. Nunc purus.

Phasellus in felis. Donec semper sapien a libero. Nam dui.'),('3', '1', 'Proin risus.', 'Quisque id justo sit amet sapien dignissim vestibulum. Vestibulum ante ipsum primis in faucibus orci luctus et ultrices posuere cubilia Curae; Nulla dapibus dolor vel est. Donec odio justo, sollicitudin ut, suscipit a, feugiat et, eros.'),('5', '1', 'Vestibulum quam sapien, varius ut, blandit non, interdum in, ante.', 'Quisque id justo sit amet sapien dignissim vestibulum. Vestibulum ante ipsum primis in faucibus orci luctus et ultrices posuere cubilia Curae; Nulla dapibus dolor vel est. Donec odio justo, sollicitudin ut, suscipit a, feugiat et, eros.

Vestibulum ac est lacinia nisi venenatis tristique. Fusce congue, diam id ornare imperdiet, sapien urna pretium nisl, ut volutpat sapien arcu sed augue. Aliquam erat volutpat.'),('3', '1', 'Curabitur gravida nisi at nibh.', 'In sagittis dui vel nisl. Duis ac nibh. Fusce lacus purus, aliquet at, feugiat non, pretium quis, lectus.

Suspendisse potenti. In eleifend quam a odio. In hac habitasse platea dictumst.'),('8', '1', 'Morbi non quam nec dui luctus rutrum.', 'Proin interdum mauris non ligula pellentesque ultrices. Phasellus id sapien in sapien iaculis congue. Vivamus metus arcu, adipiscing molestie, hendrerit at, vulputate vitae, nisl.

Aenean lectus. Pellentesque eget nunc. Donec quis orci eget orci vehicula condimentum.

Curabitur in libero ut massa volutpat convallis. Morbi odio odio, elementum eu, interdum eu, tincidunt in, leo. Maecenas pulvinar lobortis est.'),('3', '1', 'Nulla nisl.', 'Curabitur gravida nisi at nibh. In hac habitasse platea dictumst. Aliquam augue quam, sollicitudin vitae, consectetuer eget, rutrum at, lorem.'),('7', '1', 'Vestibulum ante ipsum primis in faucibus orci luctus et ultrices posuere cubilia Curae; Duis faucibus accumsan odio.', 'Maecenas ut massa quis augue luctus tincidunt. Nulla mollis molestie lorem. Quisque ut erat.

Curabitur gravida nisi at nibh. In hac habitasse platea dictumst. Aliquam augue quam, sollicitudin vitae, consectetuer eget, rutrum at, lorem.

Integer tincidunt ante vel ipsum. Praesent blandit lacinia erat. Vestibulum sed magna at nunc commodo placerat.'),('10', '1', 'Nullam sit amet turpis elementum ligula vehicula consequat.', 'Integer ac leo. Pellentesque ultrices mattis odio. Donec vitae nisi.'),('7', '1', 'Praesent lectus.', 'Duis bibendum. Morbi non quam nec dui luctus rutrum. Nulla tellus.'),('8', '1', 'Donec semper sapien a libero.', 'Quisque id justo sit amet sapien dignissim vestibulum. Vestibulum ante ipsum primis in faucibus orci luctus et ultrices posuere cubilia Curae; Nulla dapibus dolor vel est. Donec odio justo, sollicitudin ut, suscipit a, feugiat et, eros.

Vestibulum ac est lacinia nisi venenatis tristique. Fusce congue, diam id ornare imperdiet, sapien urna pretium nisl, ut volutpat sapien arcu sed augue. Aliquam erat volutpat.'),('10', '1', 'Sed ante.', 'Aenean lectus. Pellentesque eget nunc. Donec quis orci eget orci vehicula condimentum.'),('9', '1', 'In blandit ultrices enim.', 'Proin leo odio, porttitor id, consequat in, consequat ut, nulla. Sed accumsan felis. Ut at dolor quis odio consequat varius.

Integer ac leo. Pellentesque ultrices mattis odio. Donec vitae nisi.'),('5', '1', 'Nulla neque libero, convallis eget, eleifend luctus, ultricies eu, nibh.', 'Lorem ipsum dolor sit amet, consectetuer adipiscing elit. Proin risus. Praesent lectus.

Vestibulum quam sapien, varius ut, blandit non, interdum in, ante. Vestibulum ante ipsum primis in faucibus orci luctus et ultrices posuere cubilia Curae; Duis faucibus accumsan odio. Curabitur convallis.'),('4', '1', 'Phasellus sit amet erat.', 'Sed ante. Vivamus tortor. Duis mattis egestas metus.'),('8', '1', 'Nullam porttitor lacus at turpis.', 'In sagittis dui vel nisl. Duis ac nibh. Fusce lacus purus, aliquet at, feugiat non, pretium quis, lectus.

Suspendisse potenti. In eleifend quam a odio. In hac habitasse platea dictumst.'),('3', '1', 'Vestibulum rutrum rutrum neque.', 'Aenean fermentum. Donec ut mauris eget massa tempor convallis. Nulla neque libero, convallis eget, eleifend luctus, ultricies eu, nibh.'),('8', '1', 'Aliquam quis turpis eget elit sodales scelerisque.', 'Integer tincidunt ante vel ipsum. Praesent blandit lacinia erat. Vestibulum sed magna at nunc commodo placerat.

Praesent blandit. Nam nulla. Integer pede justo, lacinia eget, tincidunt eget, tempus vel, pede.'),('10', '1', 'Morbi non quam nec dui luctus rutrum.', 'Proin leo odio, porttitor id, consequat in, consequat ut, nulla. Sed accumsan felis. Ut at dolor quis odio consequat varius.'),('5', '1', 'Quisque ut erat.', 'Proin interdum mauris non ligula pellentesque ultrices. Phasellus id sapien in sapien iaculis congue. Vivamus metus arcu, adipiscing molestie, hendrerit at, vulputate vitae, nisl.'),('7', '1', 'Nulla mollis molestie lorem.', 'Sed ante. Vivamus tortor. Duis mattis egestas metus.'),('5', '1', 'Morbi a ipsum.', 'Quisque porta volutpat erat. Quisque erat eros, viverra eget, congue eget, semper rutrum, nulla. Nunc purus.

Phasellus in felis. Donec semper sapien a libero. Nam dui.

Proin leo odio, porttitor id, consequat in, consequat ut, nulla. Sed accumsan felis. Ut at dolor quis odio consequat varius.'),('6', '1', 'Donec semper sapien a libero.', 'Suspendisse potenti. In eleifend quam a odio. In hac habitasse platea dictumst.

Maecenas ut massa quis augue luctus tincidunt. Nulla mollis molestie lorem. Quisque ut erat.'),('10', '1', 'Integer ac neque.', 'Proin interdum mauris non ligula pellentesque ultrices. Phasellus id sapien in sapien iaculis congue. Vivamus metus arcu, adipiscing molestie, hendrerit at, vulputate vitae, nisl.

Aenean lectus. Pellentesque eget nunc. Donec quis orci eget orci vehicula condimentum.

Curabitur in libero ut massa volutpat convallis. Morbi odio odio, elementum eu, interdum eu, tincidunt in, leo. Maecenas pulvinar lobortis est.'),('9', '1', 'Etiam pretium iaculis justo.', 'Pellentesque at nulla. Suspendisse potenti. Cras in purus eu magna vulputate luctus.

Cum sociis natoque penatibus et magnis dis parturient montes, nascetur ridiculus mus. Vivamus vestibulum sagittis sapien. Cum sociis natoque penatibus et magnis dis parturient montes, nascetur ridiculus mus.'),('4', '1', 'Duis consequat dui nec nisi volutpat eleifend.', 'Morbi porttitor lorem id ligula. Suspendisse ornare consequat lectus. In est risus, auctor sed, tristique in, tempus sit amet, sem.

Fusce consequat. Nulla nisl. Nunc nisl.'),('8', '1', 'Fusce posuere felis sed lacus.', 'Maecenas ut massa quis augue luctus tincidunt. Nulla mollis molestie lorem. Quisque ut erat.

Curabitur gravida nisi at nibh. In hac habitasse platea dictumst. Aliquam augue quam, sollicitudin vitae, consectetuer eget, rutrum at, lorem.'),('6', '1', 'Morbi odio odio, elementum eu, interdum eu, tincidunt in, leo.', 'Donec diam neque, vestibulum eget, vulputate ut, ultrices vel, augue. Vestibulum ante ipsum primis in faucibus orci luctus et ultrices posuere cubilia Curae; Donec pharetra, magna vestibulum aliquet ultrices, erat tortor sollicitudin mi, sit amet lobortis sapien sapien non mi. Integer ac neque.'),('3', '1', 'Duis bibendum, felis sed interdum venenatis, turpis enim blandit mi, in porttitor pede justo eu massa.', 'Praesent id massa id nisl venenatis lacinia. Aenean sit amet justo. Morbi ut odio.'),('6', '1', 'Phasellus id sapien in sapien iaculis congue.', 'Quisque id justo sit amet sapien dignissim vestibulum. Vestibulum ante ipsum primis in faucibus orci luctus et ultrices posuere cubilia Curae; Nulla dapibus dolor vel est. Donec odio justo, sollicitudin ut, suscipit a, feugiat et, eros.');
GO

INSERT INTO [Comment] ([ProductId], [AccountId], [Like], [Comments], [CreatedDate], [ModifiedDate]) VALUES ('30', '8', '81', 'Nulla justo. Aliquam quis turpis eget elit sodales scelerisque.', '2014-03-01T16:00:30Z', '2014-03-01T16:05:30Z'),('15', '10', '94', 'Vivamus tortor.', '2015-11-20T09:05:17Z', '2015-11-20T09:10:17Z'),('5', '9', '32', 'Aliquam augue quam, sollicitudin vitae, consectetuer eget, rutrum at, lorem. Integer tincidunt ante vel ipsum. Praesent blandit lacinia erat.', '2014-09-11T09:35:15Z', '2014-09-11T09:35:15Z'),('1', '6', '82', 'In hac habitasse platea dictumst. Etiam faucibus cursus urna. Ut tellus. Nulla ut erat id mauris vulputate elementum.', '2014-01-26T22:46:59Z', '2014-01-26T22:46:59Z'),('37', '5', '74', 'Nam nulla. Integer pede justo, lacinia eget, tincidunt eget, tempus vel, pede. Morbi porttitor lorem id ligula. Suspendisse ornare consequat lectus. In est risus, auctor sed, tristique in, tempus sit amet, sem. Fusce consequat. Nulla nisl. Nunc nisl.', '2014-03-06T08:19:44Z', '2014-03-06T08:19:44Z'),('55', '10', '3', 'Aenean auctor gravida sem. Praesent id massa id nisl venenatis lacinia.', '2015-07-16T23:47:31Z', '2015-07-16T23:52:31Z'),('35', '7', '75', 'Aliquam quis turpis eget elit sodales scelerisque. Mauris sit amet eros. Suspendisse accumsan tortor quis turpis. Sed ante. Vivamus tortor.', '2014-04-30T22:24:45Z', '2014-04-30T22:24:45Z'),('38', '7', '19', 'Integer non velit.', '2014-03-17T02:12:07Z', '2014-03-17T02:12:07Z'),('35', '4', '98', 'Integer aliquet, massa id lobortis convallis, tortor risus dapibus augue, vel accumsan tellus nisi eu orci. Mauris lacinia sapien quis libero. Nullam sit amet turpis elementum ligula vehicula consequat. Morbi a ipsum. Integer a nibh. In quis justo.', '2015-06-24T09:40:26Z', '2015-06-24T09:45:26Z'),('23', '10', '9', 'Maecenas pulvinar lobortis est. Phasellus sit amet erat. Nulla tempus. Vivamus in felis eu sapien cursus vestibulum. Proin eu mi. Nulla ac enim. In tempor, turpis nec euismod scelerisque, quam turpis adipiscing lorem, vitae mattis nibh ligula nec sem. Duis aliquam convallis nunc. Proin at turpis a pede posuere nonummy. Integer non velit.', '2014-10-18T17:15:55Z', '2014-10-18T17:15:55Z'),('48', '3', '34', 'Vestibulum rutrum rutrum neque. Aenean auctor gravida sem. Praesent id massa id nisl venenatis lacinia. Aenean sit amet justo. Morbi ut odio. Cras mi pede, malesuada in, imperdiet et, commodo vulputate, justo.', '2014-10-29T02:21:15Z', '2014-10-29T02:26:15Z'),('24', '9', '38', 'Vestibulum sed magna at nunc commodo placerat. Praesent blandit. Nam nulla. Integer pede justo, lacinia eget, tincidunt eget, tempus vel, pede. Morbi porttitor lorem id ligula. Suspendisse ornare consequat lectus. In est risus, auctor sed, tristique in, tempus sit amet, sem. Fusce consequat. Nulla nisl.', '2015-06-02T05:20:13Z', '2015-06-02T05:25:13Z'),('51', '9', '56', 'Vestibulum ante ipsum primis in faucibus orci luctus et ultrices posuere cubilia Curae; Mauris viverra diam vitae quam. Suspendisse potenti. Nullam porttitor lacus at turpis. Donec posuere metus vitae ipsum. Aliquam non mauris. Morbi non lectus. Aliquam sit amet diam in magna bibendum imperdiet.', '2015-02-24T19:53:23Z', '2015-02-24T19:53:23Z'),('12', '7', '12', 'Suspendisse accumsan tortor quis turpis. Sed ante. Vivamus tortor. Duis mattis egestas metus. Aenean fermentum. Donec ut mauris eget massa tempor convallis. Nulla neque libero, convallis eget, eleifend luctus, ultricies eu, nibh.', '2015-05-13T12:35:29Z', '2015-05-13T12:35:29Z'),('51', '6', '11', 'Praesent blandit lacinia erat. Vestibulum sed magna at nunc commodo placerat. Praesent blandit.', '2015-12-06T14:03:09Z', '2015-12-06T14:08:09Z'),('35', '8', '45', 'Vestibulum ante ipsum primis in faucibus orci luctus et ultrices posuere cubilia Curae; Nulla dapibus dolor vel est. Donec odio justo, sollicitudin ut, suscipit a, feugiat et, eros. Vestibulum ac est lacinia nisi venenatis tristique. Fusce congue, diam id ornare imperdiet, sapien urna pretium nisl, ut volutpat sapien arcu sed augue. Aliquam erat volutpat. In congue. Etiam justo. Etiam pretium iaculis justo.', '2015-03-21T12:21:49Z', '2015-03-21T12:21:49Z'),('38', '5', '64', 'In hac habitasse platea dictumst. Morbi vestibulum, velit id pretium iaculis, diam erat fermentum justo, nec condimentum neque sapien placerat ante. Nulla justo. Aliquam quis turpis eget elit sodales scelerisque. Mauris sit amet eros. Suspendisse accumsan tortor quis turpis. Sed ante. Vivamus tortor. Duis mattis egestas metus. Aenean fermentum.', '2015-03-06T15:17:48Z', '2015-03-06T15:17:48Z'),('27', '3', '34', 'Nunc rhoncus dui vel sem. Sed sagittis. Nam congue, risus semper porta volutpat, quam pede lobortis ligula, sit amet eleifend pede libero quis orci. Nullam molestie nibh in lectus. Pellentesque at nulla. Suspendisse potenti.', '2015-03-28T08:24:06Z', '2015-03-28T08:24:06Z'),('1', '7', '70', 'Duis bibendum. Morbi non quam nec dui luctus rutrum. Nulla tellus. In sagittis dui vel nisl. Duis ac nibh.', '2014-05-26T18:23:41Z', '2014-05-26T18:23:41Z'),('51', '8', '70', 'In tempor, turpis nec euismod scelerisque, quam turpis adipiscing lorem, vitae mattis nibh ligula nec sem. Duis aliquam convallis nunc. Proin at turpis a pede posuere nonummy. Integer non velit. Donec diam neque, vestibulum eget, vulputate ut, ultrices vel, augue. Vestibulum ante ipsum primis in faucibus orci luctus et ultrices posuere cubilia Curae; Donec pharetra, magna vestibulum aliquet ultrices, erat tortor sollicitudin mi, sit amet lobortis sapien sapien non mi. Integer ac neque. Duis bibendum. Morbi non quam nec dui luctus rutrum. Nulla tellus.', '2015-06-14T04:34:25Z', '2015-06-14T04:34:25Z'),('4', '4', '70', 'Nulla justo. Aliquam quis turpis eget elit sodales scelerisque. Mauris sit amet eros. Suspendisse accumsan tortor quis turpis. Sed ante. Vivamus tortor. Duis mattis egestas metus.', '2014-11-07T16:37:00Z', '2014-11-07T16:37:00Z'),('12', '4', '81', 'Proin eu mi. Nulla ac enim.', '2015-08-24T05:04:17Z', '2015-08-24T05:04:17Z'),('31', '6', '41', 'Donec diam neque, vestibulum eget, vulputate ut, ultrices vel, augue. Vestibulum ante ipsum primis in faucibus orci luctus et ultrices posuere cubilia Curae; Donec pharetra, magna vestibulum aliquet ultrices, erat tortor sollicitudin mi, sit amet lobortis sapien sapien non mi. Integer ac neque.', '2014-02-08T22:30:25Z', '2014-02-08T22:30:25Z'),('27', '3', '65', 'Morbi a ipsum. Integer a nibh. In quis justo. Maecenas rhoncus aliquam lacus.', '2014-05-17T02:57:24Z', '2014-05-17T02:57:24Z'),('23', '4', '4', 'Aenean lectus. Pellentesque eget nunc. Donec quis orci eget orci vehicula condimentum.', '2015-04-27T16:50:41Z', '2015-04-27T16:50:41Z'),('15', '6', '51', 'Duis aliquam convallis nunc. Proin at turpis a pede posuere nonummy. Integer non velit.', '2014-09-06T03:08:45Z', '2014-09-06T03:08:45Z'),('25', '6', '83', 'Integer ac neque. Duis bibendum. Morbi non quam nec dui luctus rutrum. Nulla tellus. In sagittis dui vel nisl. Duis ac nibh. Fusce lacus purus, aliquet at, feugiat non, pretium quis, lectus.', '2014-01-02T15:09:42Z', '2014-01-02T15:14:42Z'),('13', '6', '66', 'Morbi vel lectus in quam fringilla rhoncus. Mauris enim leo, rhoncus sed, vestibulum sit amet, cursus id, turpis.', '2015-11-20T21:37:06Z', '2015-11-20T21:37:06Z'),('22', '3', '40', 'Mauris lacinia sapien quis libero. Nullam sit amet turpis elementum ligula vehicula consequat. Morbi a ipsum. Integer a nibh. In quis justo. Maecenas rhoncus aliquam lacus. Morbi quis tortor id nulla ultrices aliquet. Maecenas leo odio, condimentum id, luctus nec, molestie sed, justo.', '2015-11-17T21:03:19Z', '2015-11-17T21:03:19Z'),('20', '9', '15', 'In eleifend quam a odio.', '2014-04-04T22:04:58Z', '2014-04-04T22:04:58Z'),('4', '10', '44', 'Donec posuere metus vitae ipsum.', '2014-06-22T21:00:18Z', '2014-06-22T21:00:18Z'),('12', '5', '88', 'Integer aliquet, massa id lobortis convallis, tortor risus dapibus augue, vel accumsan tellus nisi eu orci. Mauris lacinia sapien quis libero. Nullam sit amet turpis elementum ligula vehicula consequat. Morbi a ipsum. Integer a nibh. In quis justo. Maecenas rhoncus aliquam lacus.', '2014-03-18T19:06:45Z', '2014-03-18T19:06:45Z'),('46', '9', '34', 'Duis bibendum. Morbi non quam nec dui luctus rutrum. Nulla tellus. In sagittis dui vel nisl. Duis ac nibh. Fusce lacus purus, aliquet at, feugiat non, pretium quis, lectus.', '2014-03-17T08:18:54Z', '2014-03-17T08:18:54Z'),('49', '6', '4', 'Integer a nibh. In quis justo.', '2014-11-30T04:34:11Z', '2014-11-30T04:39:11Z'),('33', '4', '63', 'Nam nulla. Integer pede justo, lacinia eget, tincidunt eget, tempus vel, pede. Morbi porttitor lorem id ligula. Suspendisse ornare consequat lectus. In est risus, auctor sed, tristique in, tempus sit amet, sem. Fusce consequat. Nulla nisl. Nunc nisl.', '2015-10-03T15:19:58Z', '2015-10-03T15:19:58Z'),('17', '7', '16', 'Vestibulum rutrum rutrum neque. Aenean auctor gravida sem. Praesent id massa id nisl venenatis lacinia.', '2014-09-30T21:32:47Z', '2014-09-30T21:37:47Z'),('35', '7', '89', 'Morbi odio odio, elementum eu, interdum eu, tincidunt in, leo. Maecenas pulvinar lobortis est. Phasellus sit amet erat. Nulla tempus.', '2014-08-29T15:20:39Z', '2014-08-29T15:20:39Z'),('41', '9', '98', 'Integer pede justo, lacinia eget, tincidunt eget, tempus vel, pede. Morbi porttitor lorem id ligula. Suspendisse ornare consequat lectus. In est risus, auctor sed, tristique in, tempus sit amet, sem.', '2015-04-30T05:31:05Z', '2015-04-30T05:31:05Z'),('42', '3', '4', 'Nulla facilisi. Cras non velit nec nisi vulputate nonummy.', '2015-07-08T20:33:43Z', '2015-07-08T20:33:43Z'),('5', '8', '93', 'Nulla justo. Aliquam quis turpis eget elit sodales scelerisque. Mauris sit amet eros. Suspendisse accumsan tortor quis turpis. Sed ante. Vivamus tortor. Duis mattis egestas metus. Aenean fermentum. Donec ut mauris eget massa tempor convallis. Nulla neque libero, convallis eget, eleifend luctus, ultricies eu, nibh.', '2015-07-03T19:49:00Z', '2015-07-03T19:49:00Z'),('11', '7', '90', 'Proin interdum mauris non ligula pellentesque ultrices. Phasellus id sapien in sapien iaculis congue. Vivamus metus arcu, adipiscing molestie, hendrerit at, vulputate vitae, nisl. Aenean lectus. Pellentesque eget nunc. Donec quis orci eget orci vehicula condimentum. Curabitur in libero ut massa volutpat convallis. Morbi odio odio, elementum eu, interdum eu, tincidunt in, leo. Maecenas pulvinar lobortis est. Phasellus sit amet erat.', '2015-03-22T04:47:21Z', '2015-03-22T04:47:21Z'),('34', '9', '72', 'Morbi non lectus. Aliquam sit amet diam in magna bibendum imperdiet. Nullam orci pede, venenatis non, sodales sed, tincidunt eu, felis. Fusce posuere felis sed lacus. Morbi sem mauris, laoreet ut, rhoncus aliquet, pulvinar sed, nisl. Nunc rhoncus dui vel sem. Sed sagittis. Nam congue, risus semper porta volutpat, quam pede lobortis ligula, sit amet eleifend pede libero quis orci. Nullam molestie nibh in lectus. Pellentesque at nulla.', '2014-11-25T14:45:38Z', '2014-11-25T14:45:38Z'),('14', '8', '17', 'Nullam molestie nibh in lectus. Pellentesque at nulla. Suspendisse potenti.', '2014-06-14T17:41:33Z', '2014-06-14T17:41:33Z'),('35', '3', '5', 'Duis aliquam convallis nunc. Proin at turpis a pede posuere nonummy.', '2015-10-31T23:13:48Z', '2015-10-31T23:13:48Z'),('44', '10', '6', 'Cras mi pede, malesuada in, imperdiet et, commodo vulputate, justo. In blandit ultrices enim. Lorem ipsum dolor sit amet, consectetuer adipiscing elit.', '2014-05-28T21:42:36Z', '2014-05-28T21:42:36Z'),('3', '4', '5', 'Morbi quis tortor id nulla ultrices aliquet. Maecenas leo odio, condimentum id, luctus nec, molestie sed, justo.', '2015-11-22T19:57:36Z', '2015-11-22T19:57:36Z'),('30', '9', '45', 'Nullam orci pede, venenatis non, sodales sed, tincidunt eu, felis. Fusce posuere felis sed lacus. Morbi sem mauris, laoreet ut, rhoncus aliquet, pulvinar sed, nisl. Nunc rhoncus dui vel sem. Sed sagittis. Nam congue, risus semper porta volutpat, quam pede lobortis ligula, sit amet eleifend pede libero quis orci. Nullam molestie nibh in lectus. Pellentesque at nulla. Suspendisse potenti.', '2015-06-01T01:05:51Z', '2015-06-01T01:10:51Z'),('10', '9', '61', 'Cras pellentesque volutpat dui. Maecenas tristique, est et tempus semper, est quam pharetra magna, ac consequat metus sapien ut nunc. Vestibulum ante ipsum primis in faucibus orci luctus et ultrices posuere cubilia Curae; Mauris viverra diam vitae quam.', '2014-05-26T09:28:59Z', '2014-05-26T09:33:59Z'),('42', '5', '91', 'Aenean fermentum. Donec ut mauris eget massa tempor convallis. Nulla neque libero, convallis eget, eleifend luctus, ultricies eu, nibh. Quisque id justo sit amet sapien dignissim vestibulum. Vestibulum ante ipsum primis in faucibus orci luctus et ultrices posuere cubilia Curae; Nulla dapibus dolor vel est. Donec odio justo, sollicitudin ut, suscipit a, feugiat et, eros. Vestibulum ac est lacinia nisi venenatis tristique. Fusce congue, diam id ornare imperdiet, sapien urna pretium nisl, ut volutpat sapien arcu sed augue. Aliquam erat volutpat.', '2015-03-13T13:55:16Z', '2015-03-13T13:55:16Z'),('36', '7', '97', 'Etiam vel augue. Vestibulum rutrum rutrum neque. Aenean auctor gravida sem. Praesent id massa id nisl venenatis lacinia. Aenean sit amet justo. Morbi ut odio. Cras mi pede, malesuada in, imperdiet et, commodo vulputate, justo. In blandit ultrices enim.', '2015-06-20T12:37:18Z', '2015-06-20T12:37:18Z');
INSERT INTO [Comment] ([ProductId], [AccountId], [Like], [Comments], [CreatedDate], [ModifiedDate]) VALUES ('3', '8', '31', 'Integer pede justo, lacinia eget, tincidunt eget, tempus vel, pede. Morbi porttitor lorem id ligula. Suspendisse ornare consequat lectus. In est risus, auctor sed, tristique in, tempus sit amet, sem. Fusce consequat. Nulla nisl. Nunc nisl. Duis bibendum, felis sed interdum venenatis, turpis enim blandit mi, in porttitor pede justo eu massa. Donec dapibus.', '2015-08-21T04:11:28Z', '2015-08-21T04:11:28Z'),('49', '9', '12', 'Donec diam neque, vestibulum eget, vulputate ut, ultrices vel, augue. Vestibulum ante ipsum primis in faucibus orci luctus et ultrices posuere cubilia Curae; Donec pharetra, magna vestibulum aliquet ultrices, erat tortor sollicitudin mi, sit amet lobortis sapien sapien non mi. Integer ac neque. Duis bibendum. Morbi non quam nec dui luctus rutrum. Nulla tellus.', '2015-01-19T16:01:17Z', '2015-01-19T16:01:17Z'),('22', '10', '56', 'Ut tellus. Nulla ut erat id mauris vulputate elementum. Nullam varius. Nulla facilisi.', '2015-04-26T00:02:56Z', '2015-04-26T00:02:56Z'),('27', '10', '79', 'Etiam pretium iaculis justo. In hac habitasse platea dictumst. Etiam faucibus cursus urna. Ut tellus. Nulla ut erat id mauris vulputate elementum. Nullam varius. Nulla facilisi.', '2015-02-16T18:12:02Z', '2015-02-16T18:12:02Z'),('28', '9', '35', 'In tempor, turpis nec euismod scelerisque, quam turpis adipiscing lorem, vitae mattis nibh ligula nec sem. Duis aliquam convallis nunc. Proin at turpis a pede posuere nonummy. Integer non velit. Donec diam neque, vestibulum eget, vulputate ut, ultrices vel, augue.', '2014-08-21T19:38:41Z', '2014-08-21T19:38:41Z'),('36', '8', '23', 'Integer non velit. Donec diam neque, vestibulum eget, vulputate ut, ultrices vel, augue. Vestibulum ante ipsum primis in faucibus orci luctus et ultrices posuere cubilia Curae; Donec pharetra, magna vestibulum aliquet ultrices, erat tortor sollicitudin mi, sit amet lobortis sapien sapien non mi. Integer ac neque. Duis bibendum. Morbi non quam nec dui luctus rutrum. Nulla tellus. In sagittis dui vel nisl. Duis ac nibh. Fusce lacus purus, aliquet at, feugiat non, pretium quis, lectus.', '2014-02-04T04:14:54Z', '2014-02-04T04:14:54Z'),('47', '9', '21', 'Vestibulum quam sapien, varius ut, blandit non, interdum in, ante. Vestibulum ante ipsum primis in faucibus orci luctus et ultrices posuere cubilia Curae; Duis faucibus accumsan odio. Curabitur convallis. Duis consequat dui nec nisi volutpat eleifend. Donec ut dolor. Morbi vel lectus in quam fringilla rhoncus. Mauris enim leo, rhoncus sed, vestibulum sit amet, cursus id, turpis.', '2015-01-24T02:42:32Z', '2015-01-24T02:47:32Z'),('22', '10', '11', 'Cras mi pede, malesuada in, imperdiet et, commodo vulputate, justo. In blandit ultrices enim. Lorem ipsum dolor sit amet, consectetuer adipiscing elit. Proin interdum mauris non ligula pellentesque ultrices. Phasellus id sapien in sapien iaculis congue. Vivamus metus arcu, adipiscing molestie, hendrerit at, vulputate vitae, nisl. Aenean lectus. Pellentesque eget nunc. Donec quis orci eget orci vehicula condimentum.', '2015-08-27T15:26:41Z', '2015-08-27T15:26:41Z'),('4', '4', '65', 'Vestibulum quam sapien, varius ut, blandit non, interdum in, ante. Vestibulum ante ipsum primis in faucibus orci luctus et ultrices posuere cubilia Curae; Duis faucibus accumsan odio. Curabitur convallis.', '2014-08-08T13:55:44Z', '2014-08-08T13:55:44Z'),('13', '4', '91', 'Pellentesque viverra pede ac diam. Cras pellentesque volutpat dui. Maecenas tristique, est et tempus semper, est quam pharetra magna, ac consequat metus sapien ut nunc. Vestibulum ante ipsum primis in faucibus orci luctus et ultrices posuere cubilia Curae; Mauris viverra diam vitae quam. Suspendisse potenti.', '2015-03-31T07:28:41Z', '2015-03-31T07:33:41Z'),('25', '9', '52', 'Maecenas leo odio, condimentum id, luctus nec, molestie sed, justo.', '2015-11-23T05:33:27Z', '2015-11-23T05:33:27Z'),('19', '9', '2', 'Pellentesque eget nunc. Donec quis orci eget orci vehicula condimentum. Curabitur in libero ut massa volutpat convallis. Morbi odio odio, elementum eu, interdum eu, tincidunt in, leo. Maecenas pulvinar lobortis est. Phasellus sit amet erat.', '2015-05-17T14:56:25Z', '2015-05-17T14:56:25Z'),('36', '8', '58', 'Vestibulum ante ipsum primis in faucibus orci luctus et ultrices posuere cubilia Curae; Duis faucibus accumsan odio. Curabitur convallis. Duis consequat dui nec nisi volutpat eleifend.', '2015-04-30T22:12:49Z', '2015-04-30T22:17:49Z'),('41', '5', '59', 'Sed ante. Vivamus tortor. Duis mattis egestas metus. Aenean fermentum. Donec ut mauris eget massa tempor convallis. Nulla neque libero, convallis eget, eleifend luctus, ultricies eu, nibh. Quisque id justo sit amet sapien dignissim vestibulum.', '2014-04-09T10:43:47Z', '2014-04-09T10:43:47Z'),('38', '9', '78', 'Cras pellentesque volutpat dui. Maecenas tristique, est et tempus semper, est quam pharetra magna, ac consequat metus sapien ut nunc. Vestibulum ante ipsum primis in faucibus orci luctus et ultrices posuere cubilia Curae; Mauris viverra diam vitae quam. Suspendisse potenti. Nullam porttitor lacus at turpis.', '2014-11-11T09:22:40Z', '2014-11-11T09:27:40Z'),('51', '6', '95', 'In est risus, auctor sed, tristique in, tempus sit amet, sem. Fusce consequat.', '2015-11-04T20:00:06Z', '2015-11-04T20:05:06Z'),('29', '8', '7', 'Mauris sit amet eros. Suspendisse accumsan tortor quis turpis. Sed ante.', '2015-07-06T00:57:06Z', '2015-07-06T00:57:06Z'),('5', '5', '63', 'Praesent lectus. Vestibulum quam sapien, varius ut, blandit non, interdum in, ante. Vestibulum ante ipsum primis in faucibus orci luctus et ultrices posuere cubilia Curae; Duis faucibus accumsan odio. Curabitur convallis. Duis consequat dui nec nisi volutpat eleifend. Donec ut dolor. Morbi vel lectus in quam fringilla rhoncus.', '2014-01-10T14:52:35Z', '2014-01-10T14:57:35Z'),('31', '5', '5', 'Nulla suscipit ligula in lacus. Curabitur at ipsum ac tellus semper interdum. Mauris ullamcorper purus sit amet nulla. Quisque arcu libero, rutrum ac, lobortis vel, dapibus at, diam.', '2015-11-18T10:57:08Z', '2015-11-18T10:57:08Z'),('1', '7', '12', 'Praesent blandit lacinia erat. Vestibulum sed magna at nunc commodo placerat. Praesent blandit. Nam nulla. Integer pede justo, lacinia eget, tincidunt eget, tempus vel, pede. Morbi porttitor lorem id ligula. Suspendisse ornare consequat lectus. In est risus, auctor sed, tristique in, tempus sit amet, sem. Fusce consequat. Nulla nisl.', '2014-05-27T23:20:00Z', '2014-05-27T23:20:00Z'),('17', '7', '58', 'Nulla justo. Aliquam quis turpis eget elit sodales scelerisque. Mauris sit amet eros. Suspendisse accumsan tortor quis turpis. Sed ante.', '2015-03-09T03:09:13Z', '2015-03-09T03:14:13Z'),('26', '10', '4', 'Aenean lectus. Pellentesque eget nunc. Donec quis orci eget orci vehicula condimentum. Curabitur in libero ut massa volutpat convallis. Morbi odio odio, elementum eu, interdum eu, tincidunt in, leo. Maecenas pulvinar lobortis est. Phasellus sit amet erat.', '2015-02-27T22:47:07Z', '2015-02-27T22:47:07Z'),('48', '4', '63', 'Phasellus in felis. Donec semper sapien a libero. Nam dui. Proin leo odio, porttitor id, consequat in, consequat ut, nulla. Sed accumsan felis.', '2015-09-30T05:24:02Z', '2015-09-30T05:24:02Z'),('44', '6', '19', 'Lorem ipsum dolor sit amet, consectetuer adipiscing elit. Proin risus. Praesent lectus. Vestibulum quam sapien, varius ut, blandit non, interdum in, ante. Vestibulum ante ipsum primis in faucibus orci luctus et ultrices posuere cubilia Curae; Duis faucibus accumsan odio. Curabitur convallis.', '2014-05-18T01:09:29Z', '2014-05-18T01:09:29Z'),('49', '9', '67', 'Vivamus vestibulum sagittis sapien. Cum sociis natoque penatibus et magnis dis parturient montes, nascetur ridiculus mus. Etiam vel augue. Vestibulum rutrum rutrum neque. Aenean auctor gravida sem.', '2015-06-30T09:04:02Z', '2015-06-30T09:09:02Z'),('28', '8', '16', 'Vestibulum ante ipsum primis in faucibus orci luctus et ultrices posuere cubilia Curae; Nulla dapibus dolor vel est. Donec odio justo, sollicitudin ut, suscipit a, feugiat et, eros.', '2015-11-29T08:40:50Z', '2015-11-29T08:40:50Z'),('1', '8', '39', 'Nullam porttitor lacus at turpis. Donec posuere metus vitae ipsum. Aliquam non mauris. Morbi non lectus. Aliquam sit amet diam in magna bibendum imperdiet.', '2014-05-07T10:12:21Z', '2014-05-07T10:12:21Z'),('30', '9', '56', 'Suspendisse potenti. In eleifend quam a odio. In hac habitasse platea dictumst. Maecenas ut massa quis augue luctus tincidunt. Nulla mollis molestie lorem. Quisque ut erat. Curabitur gravida nisi at nibh. In hac habitasse platea dictumst. Aliquam augue quam, sollicitudin vitae, consectetuer eget, rutrum at, lorem.', '2014-05-21T19:22:09Z', '2014-05-21T19:22:09Z'),('20', '7', '96', 'Sed accumsan felis. Ut at dolor quis odio consequat varius. Integer ac leo. Pellentesque ultrices mattis odio. Donec vitae nisi. Nam ultrices, libero non mattis pulvinar, nulla pede ullamcorper augue, a suscipit nulla elit ac nulla.', '2014-09-10T06:44:35Z', '2014-09-10T06:44:35Z'),('14', '8', '43', 'Phasellus in felis. Donec semper sapien a libero. Nam dui. Proin leo odio, porttitor id, consequat in, consequat ut, nulla. Sed accumsan felis. Ut at dolor quis odio consequat varius. Integer ac leo. Pellentesque ultrices mattis odio. Donec vitae nisi. Nam ultrices, libero non mattis pulvinar, nulla pede ullamcorper augue, a suscipit nulla elit ac nulla.', '2014-03-06T12:27:42Z', '2014-03-06T12:27:42Z'),('7', '8', '98', 'Nullam sit amet turpis elementum ligula vehicula consequat. Morbi a ipsum. Integer a nibh. In quis justo.', '2015-02-05T01:15:29Z', '2015-02-05T01:15:29Z'),('33', '7', '76', 'Vestibulum ante ipsum primis in faucibus orci luctus et ultrices posuere cubilia Curae; Donec pharetra, magna vestibulum aliquet ultrices, erat tortor sollicitudin mi, sit amet lobortis sapien sapien non mi. Integer ac neque. Duis bibendum. Morbi non quam nec dui luctus rutrum. Nulla tellus. In sagittis dui vel nisl.', '2014-03-03T00:07:45Z', '2014-03-03T00:07:45Z'),('38', '4', '64', 'Duis mattis egestas metus. Aenean fermentum. Donec ut mauris eget massa tempor convallis. Nulla neque libero, convallis eget, eleifend luctus, ultricies eu, nibh. Quisque id justo sit amet sapien dignissim vestibulum. Vestibulum ante ipsum primis in faucibus orci luctus et ultrices posuere cubilia Curae; Nulla dapibus dolor vel est. Donec odio justo, sollicitudin ut, suscipit a, feugiat et, eros. Vestibulum ac est lacinia nisi venenatis tristique.', '2015-01-05T04:27:36Z', '2015-01-05T04:27:36Z'),('48', '5', '78', 'Donec odio justo, sollicitudin ut, suscipit a, feugiat et, eros. Vestibulum ac est lacinia nisi venenatis tristique. Fusce congue, diam id ornare imperdiet, sapien urna pretium nisl, ut volutpat sapien arcu sed augue. Aliquam erat volutpat. In congue. Etiam justo. Etiam pretium iaculis justo. In hac habitasse platea dictumst.', '2014-02-08T11:21:19Z', '2014-02-08T11:21:19Z'),('16', '6', '7', 'Morbi non quam nec dui luctus rutrum. Nulla tellus.', '2015-07-20T23:41:30Z', '2015-07-20T23:41:30Z'),('16', '3', '100', 'Aenean lectus. Pellentesque eget nunc.', '2015-06-27T19:42:56Z', '2015-06-27T19:42:56Z'),('3', '9', '21', 'Pellentesque viverra pede ac diam. Cras pellentesque volutpat dui.', '2014-03-27T13:26:21Z', '2014-03-27T13:26:21Z'),('49', '9', '65', 'Nulla suscipit ligula in lacus. Curabitur at ipsum ac tellus semper interdum. Mauris ullamcorper purus sit amet nulla. Quisque arcu libero, rutrum ac, lobortis vel, dapibus at, diam.', '2015-11-18T02:07:53Z', '2015-11-18T02:07:53Z'),('52', '7', '62', 'Etiam vel augue. Vestibulum rutrum rutrum neque. Aenean auctor gravida sem. Praesent id massa id nisl venenatis lacinia. Aenean sit amet justo. Morbi ut odio. Cras mi pede, malesuada in, imperdiet et, commodo vulputate, justo. In blandit ultrices enim. Lorem ipsum dolor sit amet, consectetuer adipiscing elit.', '2015-08-26T16:42:56Z', '2015-08-26T16:47:56Z'),('19', '5', '6', 'Aenean sit amet justo. Morbi ut odio. Cras mi pede, malesuada in, imperdiet et, commodo vulputate, justo. In blandit ultrices enim. Lorem ipsum dolor sit amet, consectetuer adipiscing elit. Proin interdum mauris non ligula pellentesque ultrices. Phasellus id sapien in sapien iaculis congue. Vivamus metus arcu, adipiscing molestie, hendrerit at, vulputate vitae, nisl. Aenean lectus.', '2014-09-03T12:45:10Z', '2014-09-03T12:45:10Z'),('48', '7', '36', 'Vestibulum ante ipsum primis in faucibus orci luctus et ultrices posuere cubilia Curae; Mauris viverra diam vitae quam. Suspendisse potenti. Nullam porttitor lacus at turpis. Donec posuere metus vitae ipsum. Aliquam non mauris. Morbi non lectus. Aliquam sit amet diam in magna bibendum imperdiet.', '2014-10-25T04:24:05Z', '2014-10-25T04:24:05Z'),('11', '5', '96', 'Donec dapibus. Duis at velit eu est congue elementum.', '2014-06-07T11:48:50Z', '2014-06-07T11:48:50Z'),('51', '6', '57', 'Morbi non lectus. Aliquam sit amet diam in magna bibendum imperdiet. Nullam orci pede, venenatis non, sodales sed, tincidunt eu, felis. Fusce posuere felis sed lacus.', '2015-11-25T15:21:59Z', '2015-11-25T15:21:59Z'),('50', '9', '72', 'Phasellus in felis.', '2014-08-01T11:26:53Z', '2014-08-01T11:26:53Z'),('1', '7', '20', 'Cras pellentesque volutpat dui. Maecenas tristique, est et tempus semper, est quam pharetra magna, ac consequat metus sapien ut nunc. Vestibulum ante ipsum primis in faucibus orci luctus et ultrices posuere cubilia Curae; Mauris viverra diam vitae quam.', '2015-06-29T20:09:27Z', '2015-06-29T20:14:27Z'),('48', '9', '13', 'Aliquam augue quam, sollicitudin vitae, consectetuer eget, rutrum at, lorem. Integer tincidunt ante vel ipsum. Praesent blandit lacinia erat. Vestibulum sed magna at nunc commodo placerat. Praesent blandit. Nam nulla. Integer pede justo, lacinia eget, tincidunt eget, tempus vel, pede. Morbi porttitor lorem id ligula. Suspendisse ornare consequat lectus. In est risus, auctor sed, tristique in, tempus sit amet, sem.', '2014-04-05T15:50:28Z', '2014-04-05T15:50:28Z'),('1', '6', '28', 'Nullam varius. Nulla facilisi. Cras non velit nec nisi vulputate nonummy. Maecenas tincidunt lacus at velit. Vivamus vel nulla eget eros elementum pellentesque.', '2014-01-04T02:19:44Z', '2014-01-04T02:19:44Z'),('6', '10', '50', 'Morbi non lectus. Aliquam sit amet diam in magna bibendum imperdiet. Nullam orci pede, venenatis non, sodales sed, tincidunt eu, felis. Fusce posuere felis sed lacus. Morbi sem mauris, laoreet ut, rhoncus aliquet, pulvinar sed, nisl. Nunc rhoncus dui vel sem. Sed sagittis. Nam congue, risus semper porta volutpat, quam pede lobortis ligula, sit amet eleifend pede libero quis orci. Nullam molestie nibh in lectus.', '2014-01-11T11:25:47Z', '2014-01-11T11:25:47Z'),('20', '4', '77', 'Donec dapibus. Duis at velit eu est congue elementum. In hac habitasse platea dictumst. Morbi vestibulum, velit id pretium iaculis, diam erat fermentum justo, nec condimentum neque sapien placerat ante. Nulla justo. Aliquam quis turpis eget elit sodales scelerisque. Mauris sit amet eros. Suspendisse accumsan tortor quis turpis.', '2014-01-28T18:20:17Z', '2014-01-28T18:20:17Z'),('38', '10', '50', 'Morbi non quam nec dui luctus rutrum. Nulla tellus. In sagittis dui vel nisl. Duis ac nibh.', '2015-02-20T17:20:45Z', '2015-02-20T17:20:45Z');
GO

INSERT INTO [PurchaseOrder] ([AccountID], [SubTotal], [Name], [Address], [Phone], [Status], [CreatedDate]) VALUES ('9', '1710', 'OSEbyezCQTtTJB0iXpjn6Q==', 'aPcWiKqLH92J3TQ+0XE4GA==', 'JqiJ6GmmaemUhSNkMEKPMw==', 'TRUE', '2015-09-01T09:18:26Z'),('2', '2385', '5hWEnYO4YyrYMfk5DUoWHSllo7j2JjB2M3u21SdP70k=', 'ViD3j+pQ08WSH8Td4lnRKJ5o4jp8lvQYP6LYD8fATIM=', 'YDUPyr76QlffS40cW7X5Gw==', 'TRUE', '2015-09-04T09:38:20Z'),('2', '5425', '+fqgD0Zq5Rweml/x17oh3g==', '/GTLmVghpsOWRijGleb+4JDgWL7kSrWwgsOHKXr/2HQ=', 'ggyaJqKb3JmMig4WfzZ65A==', 'TRUE', '2015-09-08T10:57:07Z'),('6', '500', 'onh5X1IeYCxIW6ira4r3RA==', 'vOwvht8DhMTI3tlCO9JX+A==', '7WD7lGwze7DR9zibdoFdTQ==', 'TRUE', '2015-09-09T07:18:43Z'),('4', '5210', 'kZJua9JG2oG3TdeCmNPWYQ==', 'DypTueuk6HY0uGwYQhKtlFpC5KP/9T7kjgGFu0fT1p4=', 'FOtkraq/lRycRdpNT6DHWQ==', 'TRUE', '2015-09-10T01:59:57Z'),('9', '2500', '0Ef++fMNBBPKuC9Q4QZV6Q==', 'NRQVEhAXNZIBxnthD5d5RwAPI7TEYbl760fos7QoqvM=', 'TEmZGx1w94sRH23ju0Xj3w==', 'TRUE', '2015-09-12T14:53:24Z'),('2', '5510', 'R/KOH+9GWEwWUClyk/XZml5yCUosiMG6w8hvCSLuRSQ=', 'aa/KE0vlW458Rq7G1+v1P7XF4rqYEOoDbrG65T9QDCA=', 'k/aQrz4dfTWPCc9snbRTig==', 'TRUE', '2015-09-14T09:34:44Z'),('10', '2850', 'wJNt6Cl6vfcnmpul6tNdXg==', 'K9y8+DxzKfp9EEZhBh4fV5Dyin5YMzWXxz8oMeLJ+4c=', 'tntm3esijKxsAztgCvhWGw==', 'TRUE', '2015-09-15T06:07:24Z'),('8', '3630', 'pamJZBQ1J+uc1uyU37CdzA==', '/QVcu2sUAht2csPstskOpUIMqvxps7mD5SdNhb8+ZEQ=', '/IS67Gl/CfQULO+YTZosuA==', 'TRUE', '2015-09-17T03:46:36Z'),('4', '3025', 'QlkoKskRWWoSwvw/ZW1vSg==', '4lXKlVMBxsGZQiV4zSpveg==', 'peMD1HP2m7JlMSzTZhjglQ==', 'TRUE', '2015-09-17T16:04:07Z'),('9', '4265', '6OXsflWAVHNR7cjFeRaJDg==', 'unXS67xJrGAOSAQBXDmzYw==', 'w+v2HwbTs7aByQjUQvIDhg==', 'TRUE', '2015-09-18T19:32:03Z'),('5', '3870', 'n2O2i1ReC5DjSOImnlYkag==', 'RQCQnV88NL1J54siwBlmNzfgehLirAWH8T3PehHZd8E=', 'JobBpfYlC2HDXvxxou938w==', 'TRUE', '2015-09-20T01:56:17Z'),('5', '3195', 'C15c8ASu4BbCpCydC+bpKg==', 'vzT+gzik62n4qh0KwuSTcRabvWnvqniBQKBcZ8zX6QU=', 'XVUmOuIWlnsBcoLP6ar1RQ==', 'TRUE', '2015-09-20T02:20:39Z'),('2', '4825', '+fqgD0Zq5Rweml/x17oh3g==', 'llesrSoTzqUnuq/NIBf51yPIXuZjOHNErFm+mKI23Pc=', 'XcBdfnjAJLWhD6TS3pBm4A==', 'TRUE', '2015-09-20T06:20:14Z'),('2', '4865', '/KSg9I7w9D5/S8PhJrSbxg==', 'Z6uf+8Djx0a3lyiqK7LCFQ==', 'YYHgxkafhw993Dj0XRBMFQ==', 'TRUE', '2015-09-20T20:27:26Z'),('6', '2265', 'wWmvV3kcKgwI8Tp08pCLwJQoMKwCMBnrTYaprh9B8Go=', '8DT9VmtwEWhM6ITW1Afmjw==', 'FlY3xDuKLtE0e12Wjxk/Ww==', 'TRUE', '2015-09-21T23:31:28Z'),('10', '5845', 'aMcMXszb9PU+IBVowTYibQ==', 'I4IYj13JDGYf9XWnw6cSwQ==', 'c4qE7m/KPHvW4gi4fxN7ng==', 'TRUE', '2015-09-23T13:27:12Z'),('2', '4085', '+xRH9HPOWXExUbqZFbX/IQ==', 'b9DE8MyZZc9WVG2mz9o7Rg==', 'qsNT2vgADf5KvmjSK62ITw==', 'TRUE', '2015-09-24T13:26:53Z'),('6', '7355', 'lNgC7EbrliXrRBTec+rEIw==', 'vXtuZvp4Z3VqeqO9F0Rb3A==', 'S6WhUMhMY2SC/sVNX6Mnmw==', 'TRUE', '2015-09-24T15:06:56Z'),('6', '5580', 'ehnfRYxYTr+8tGEI30A5ag==', 'A1osyvfdqYT1PNbv7KGiog==', 'o252O2JpdkoEiZCIkWXdEQ==', 'TRUE', '2015-09-26T07:04:56Z'),('10', '5995', 'i00/JCl9PDoWt2xhbR+mDQ==', 'XMCKWGDR5SLsC4oZXurKt+qL/T3WfEf0UeBsUIXWI6Y=', 'NtHHjNY8K8F43bgssa/RIg==', 'TRUE', '2015-09-26T23:40:52Z'),('8', '5340', '4OfXbmJfTX/es2WfYlCzgQ==', 'TdRhz1yfwVclEBlYRhCVbQ95lehJy/gBPIdI1jrwebQ=', 'UUS3VxkK90PKqpWLTw1thA==', 'TRUE', '2015-09-28T13:59:32Z'),('5', '3750', 'jZNu9H/jmGxuauEB4qe6HA==', 'RUa+AtKi5Ptc/qWKYb7L5F5g1uzBsVL4LqSExnxvKHE=', 'WlNOofe697/y6rBqeZy3cQ==', 'TRUE', '2015-09-29T22:11:20Z'),('2', '4220', 'VZlirv1qrbdH2eMIsoiviQ==', 'BjW3c0d49IuMJt8QmV5r9jUbWa93qbKxa5IplQ3OUwg=', 'HjQWggv0V2+f2Ix/9zVIaw==', 'TRUE', '2015-10-01T20:15:40Z'),('9', '1875', 'FVLGe+QHtAAAzZL6yCcB4A==', 'lEhzbjFErPMNTjY2fAaLYVOr+QJ/bJOSsoMHzQn9G5Y=', 'rE6HuGfY7nwGJA7eLzwXYQ==', 'TRUE', '2015-10-01T21:16:50Z'),('8', '3190', 'PIAVzJX3pcyhuU/cJS9B7Q==', 'HRBRsH64lZXdJlLBpjVp5w==', 'SfzqE+YhVb1Gcqr+n9b1eQ==', 'TRUE', '2015-10-03T04:31:17Z'),('7', '760', 'Q10HdKLMVKObO552LIPQfV0bklCbd0B23+VO7SPfc7g=', '2oAjZCwu6kj/aiFRV12GeBPGvgs3JN0LuwBGazbcUGk=', 'bAfkXiiYIK4x/AxQv44nbg==', 'TRUE', '2015-10-05T00:20:31Z'),('2', '6220', 'pEqP5g/w4MK++J2pIBlCnQ==', 'SJsuQkcFeqNgyrtiKf5KxQnD5lgyiwJDlW+CBvHGOKg=', 'xaDnI4mBOW0eUUNXOpkaMA==', 'TRUE', '2015-10-05T04:19:15Z'),('8', '2300', 'sp/U2U66eglt2fZXhNlBCA==', 'xVJv0dV4H7WKwoixxnEAZg==', 'JfBz23gGHI6mxwrdSZ0hiA==', 'TRUE', '2015-10-06T19:42:41Z'),('7', '7515', 'ClgCA5OcdiHmGqv+oW2IHg==', 'eGZpsqiCG07Lnp4fdTFd+YeovImSXBR0/OSLuhwnfX8=', 'YcDdOgAjM6zSdzliASxYYA==', 'TRUE', '2015-10-07T05:27:30Z'),('3', '4005', 'BEqRfoOLyrW2p1V1zYL/7A==', 'tzQYe+keBG/e1SGIk2el7g==', 'b4b6rJZEpLkcTv1rX0yf5A==', 'TRUE', '2015-10-09T18:35:30Z'),('2', '5645', 'jn6sctWsbVyio1jhvFrSEg==', 'i9w+M/CrxMIXklRbdI2xiKMi8CieOUP6YzxHnyaS5CU=', 'Dy7LSTeyURIFde2BWQikYQ==', 'TRUE', '2015-10-11T18:05:29Z'),('4', '5825', 'qkxs2BJtfzcidfavklJhcg==', 'W8PsOWhf+d3heKaL+BcQArrRhuFrU3Iu5pvJwNmFGEQ=', '1ksilc9NJIYBJL9U27U0+Q==', 'TRUE', '2015-10-13T22:08:45Z'),('3', '1255', 'LvPVigsAeIe0EIFYB7qrow==', '7PXgfTKCisx4XRBg9I2NeSFX/0BmRDJCesx4nxT0tqQ=', 'u5n8EqlMVe+5va4kEnxNYQ==', 'TRUE', '2015-10-15T07:24:02Z'),('7', '3055', 'eQmP1Nnr/EkAr3NNLBaJlA==', 'anfxfIgHWc06GVNBQZ41dK5b79yno/XvsFxfHY5bExc=', 'BEO0WRhN2T/oEexe5T+HAg==', 'TRUE', '2015-10-16T12:52:23Z'),('5', '5915', 'bDmicnN5Hd21Xnlb7j8Z9g==', 'SaNxJY0y1X1s7/ldIoPOdD8JQcl/4v1xRtLiyssYPJc=', 'x0TT7SXd8TQjBXVa8EPYEA==', 'TRUE', '2015-10-16T19:07:53Z'),('9', '5090', '/YmWR35J9Zo73JCkWSiogw==', 'XekrQ3SkgUKBs9yZRsX4/+r+VphTAumjR5BBpcuUnlo=', 'eoRLsX4jwy9BNWOW6YBeag==', 'TRUE', '2015-10-18T08:49:20Z'),('10', '215', 'newzWdMw2Y6mK9g1/Ldkhw==', 'ql8pW0IAmt/1zISuQE1TnoLdyDu7RPOfcI9AOwIP4aM=', 'qeF8BxDH8ZXW/fTVxH4byQ==', 'TRUE', '2015-10-19T11:31:40Z'),('2', '1110', '4WXEsGFXLjof4rnaN+ujCA==', 'hGSy2MIImOrEV3U7LbvKW8pNiHXWT0sb/MV7ZSoPRH0=', 'DIPmwkeHodVkzZvzwm44fQ==', 'TRUE', '2015-10-21T23:22:40Z'),('9', '2150', 'E65tIf4Exm1+bVy1h74YIccBse548ldXhqlxZPiZI+g=', '/pKOemlZazff4u+PG0ChEDVK77oMRF0SfjmyPRYC6gs=', 'gEsimQFmWSiLbLTqsPrNPw==', 'TRUE', '2015-10-23T22:20:20Z'),('5', '1225', 'EtFyW4Ka/iRbPXRSV3q2aw==', 'iPs7OJ1/dk0UfjgCWW/gEKqpoyyFYL9aDsX1Wz0lG0c=', 'zUkSm2s3PgHcQcwmytJICA==', 'TRUE', '2015-10-24T23:39:04Z'),('10', '3660', 'amHlrz7vvaaIY3eZ44MY/w==', '2R65R0JLfgKSyrqM2+S/Ag==', 'ePojVJJfwdI4vWLI+8F99g==', 'TRUE', '2015-10-25T01:10:00Z'),('9', '6725', 'WE8HnhGk6B5daPSI/nEoxQ==', 'ztztZcH8VThXdp02l3QoOg==', 'ggaH+jAVGs/kdma4ILonIA==', 'TRUE', '2015-10-29T04:36:07Z'),('9', '6565', 'Iq35TywjY8YBlJgRHMJgjQ==', 'mBlOWdHxUBCR2kUe4/LY0DPqzG26efG7pnt8EA4zhkg=', 'uxi9RO9NsoKJarHIoAo7nw==', 'TRUE', '2015-10-29T22:02:56Z'),('2', '5875', 'rAcVeIsE+DzrSwakbuVD9g==', '4d6Hz+Ur7fOXhcsDmZMDvWCFfEKOyVNJXN3rVuRVY4Q=', 'V+VbG3UdjqQOT+ell29QoQ==', 'TRUE', '2015-10-30T23:10:27Z'),('5', '6780', '3J+wwDcOQ8l2uvkarIe4Og==', 'sKl0D21bp2X29W1QyJt8BA==', 'S2zXuq8XlbiPcQHMC7Txow==', 'TRUE', '2015-11-01T10:12:42Z'),('5', '4860', 'Gxidx+bKgX5XHmvPgvQDmA==', '6LnBO9RAUwcMfqfMejtHkffim4JrfaI0p39zuizwEnM=', 'lm29vcZ+gF55v8CcUWEYVw==', 'TRUE', '2015-11-01T17:48:44Z'),('2', '7445', 'zs7Fu339w2SLBsAyKlaFNQ==', '0DRNFOTCm/MRRnUxEbuxyntUj09la5ZhMZ0r0xCMNJ8=', 'wCRVhe6gEtOgIJgejmQxMQ==', 'TRUE', '2015-11-01T22:16:20Z'),('7', '3985', '0myY3uoFUZqdjxpmygM/tQ==', 'wfaMy/h2lyefqegLKjSRIA==', 'cJYdysD+xI4mzgN4TGcYtg==', 'TRUE', '2015-11-02T17:12:49Z'),('5', '2390', '4NyGmvYZO6aELsVEdlwmAw==', 'z3UuBFQK6c8H3Hoi0DZr2ZvJcPGVe6118l4QijkbndE=', 'H8wK+YvVke0Kzwp9kdosaA==', 'TRUE', '2015-11-04T07:49:45Z');
INSERT INTO [PurchaseOrder] ([AccountID], [SubTotal], [Name], [Address], [Phone], [Status], [CreatedDate]) VALUES ('2', '1480', '17ywbW5UJ2+xiB284cKqYzEL1Tmvc810g+ME/GxHmXk=', 'usxP4PnXkZN56QZnmCk7pcKaYS8CYsLj0/7xt8Yi2jQ=', 'vRo6bsvV/KdiMekCByqeug==', 'TRUE', '2015-11-06T06:34:46Z'),('7', '5185', 'nNM8wYlnYe8k4fhYqVvqKA==', 'UjaY1Cd/VoEFhCa27v9ZyWmjcJ0o9OvXwx7feus7iLg=', 'RxlhT3Q4LLrUSgPFNaZ19A==', 'TRUE', '2015-11-06T13:59:52Z'),('2', '6940', 'kSz3wNDXEyU42v7VsJBpzQ0lgqy6IvY45CIIcRduWEY=', '7R934HwTAUG6/UQzFdN7KWN6gCLb8nj37jO7MI301h8=', 'XXJiB2nSSgddJYJQJaKhkw==', 'TRUE', '2015-11-09T03:33:44Z'),('6', '2320', 'yMhE8e70gQ3krHdaV7tg3Q==', 'HI5g79f/UPnvxbBIt+H4qudlgEJfFe8lZ7lqBaw6jh8=', '2Uy0DHAASJG6GyxGUWrKBQ==', 'TRUE', '2015-11-09T07:55:32Z'),('5', '4695', 'KAb+t5Ss+KF+wqFfG0Fr3g==', 'vcs6ZO8+b3x2v++z0A0eYUaGRdYnlamkB/89o7FJAQQ=', 'thOJvVhAtwTtXv6OhMsMzw==', 'TRUE', '2015-11-10T02:22:47Z'),('4', '5770', 'G3k1WhMBnkbikJhsu+AvjQ==', 'jL1bfoLcvDiedWl5IABkiw==', 'dCC4T2k5hUXjOba9j3ESUQ==', 'TRUE', '2015-11-10T21:24:02Z'),('9', '5000', 'dXitO3TY+ZVLswXYF1/wAw==', 'wAGZVZul/HwbJs/bW/rM7JXfS5pGbGVekH1GrEVIOQE=', 'w140cMgWp/osJglTtCw1sA==', 'TRUE', '2015-11-11T11:55:38Z'),('9', '6835', 'lpx9FSvL9PFhPyuNbTjG1Q==', '3ehETnEaVBE6GbFKU5ataV/kJ6ugL36cjiV1FdhaYA0=', '7iFEEGI7D43O/9rav+z35g==', 'TRUE', '2015-11-11T23:56:37Z'),('4', '2955', 'viJqfGQwj22H7RfEr4SIVw==', 'iRlP48dogw56guRGMwQLmtFK83+2c1CPACpV6WjKDmo=', 'ooVaTpQhxgTHJSdlggGy1A==', 'TRUE', '2015-11-12T01:31:55Z'),('4', '7430', 's1E1Q0E60uXhIphYGYNSdA==', 'uuK1q8cTos15gfnW7C6HXw==', 'fcAYFucLMzTbGU7E8LouuA==', 'TRUE', '2015-11-12T01:32:24Z'),('3', '6720', 'Rj5UVQLDhg5PRSvTYHLWtg==', 'wfaMy/h2lyefqegLKjSRIA==', 'J4PdVT8Qdvx6zMWowE3bzQ==', 'TRUE', '2015-11-12T08:11:50Z'),('5', '5710', '4oj9oAFiOxuQpHYziVF6gw==', 'wrcBye2qbmLte+NU2cZKDg==', 'UvYdxQ6ed60TZIxvm3GooQ==', 'TRUE', '2015-11-12T09:04:40Z'),('3', '2370', 'urlAe0I4CWbTmy9B0p18yA==', 'xDQkXyFL/jp52weezzxDdtDK6SOO2TjKgOMxpwH/Yx0=', 'T3JuqUWjREHVRaZT7XIE6Q==', 'TRUE', '2015-11-14T03:05:20Z'),('9', '4345', 'gj8/wKwzWKA/jivrADPF/w==', 'wfaMy/h2lyefqegLKjSRIA==', 'MrPlkspMOtwtTqP9zOA3IQ==', 'TRUE', '2015-11-16T01:01:57Z'),('7', '2980', 'SA8T5Q1ZET+NJ+uhNgLM3w==', 'C4l69p+EyxxERIDtYxggkDQXhjpjVXyz7MfXptqenxc=', 'lSr8MAjwQJepBpcWaHvzaw==', 'TRUE', '2015-11-16T04:06:02Z'),('7', '8500', 'AyDfjZKJWZ5saMNQe06Zgg==', 'Sp9O4/4mqkrBuOhGuvCwjKZHhtyZT4LJt9x+EQ7V6Jc=', 'TZgy2STx6aEE/zfpDVu6UA==', 'TRUE', '2015-11-17T07:51:49Z'),('6', '5575', 'CkKgQ0Xy5VJK2FE0RWcdTQ==', 'fPIOFGoUjNjE33vSm43v6cX7UnDasVIEl2RQC32BEY8=', 'DoFkApAD1VU79XBcPbFKUw==', 'TRUE', '2015-11-18T00:09:12Z'),('10', '4635', 'xbJXpK7juYJ6d6CxWoX62w==', 'd/0B8utNOUuipdCkRJrqX1DDQ5aqWUYkLI7JZp/XuiA=', 'HKAJJHXVNtzfYG/WJVT2hA==', 'TRUE', '2015-11-18T09:11:09Z'),('6', '5360', 'C8UUwF4U5yHe0RIc42kqaFnuS6om1VvVcdDU77mEsv8=', 'F/3Z8SRc2WDE7qV9Vu/Wdo5E5hKQAoc1uuWuO6BBWxY=', '2vU4hVwIipsmEneWEQML1Q==', 'TRUE', '2015-11-19T10:27:23Z'),('9', '1615', 'Sf6yIfSgfctciRbP/moJyw==', '+0UXiueGQNyu4CgEGCZj4/H3FuLXM7qu+9742fRWYb0=', 'Ffbak4BKhckSeQcFxTL8Aw==', 'TRUE', '2015-11-19T22:46:14Z'),('5', '1740', 'whdD11K39CH87wTdDMfh8w==', 'lZ8xwgiigkWMEEz1Hrc5fz7P4inmVQVhTtlAMoPzNMg=', 'bvkJEvR+L1bKErnxam71Yw==', 'TRUE', '2015-11-20T22:04:23Z'),('7', '3150', 'ItGvCNoE9J994jGnqFGfMA==', 'rCl82H3USXYWKi9JLpkZSQ==', '+lHZ+vXMfUGsFX8B+sYsJg==', 'TRUE', '2015-11-22T17:39:46Z'),('5', '6280', 'YylaUxPDu5vgXW6nEVtVzQfdyhIQD7XZBzDvJRWOgWY=', '0vVv+qsnuIhrFu6zDfiHy8NRQxCdJKMxXjzfkj2iLDs=', 'wkcpvCsaXcV352rSJ9eOOA==', 'TRUE', '2015-11-23T04:27:16Z'),('6', '5230', 'B0YFr6+NsLrRNUjkUc19Xg==', 'A6am4g1Eoi9PhPugeZj5QyB4yGI/nKcJalqGoIrxhM4=', 'm+gYH3B0JyYzl5/gLrpiRA==', 'TRUE', '2015-11-24T13:44:34Z'),('9', '5885', '2n09OpKsJ8FaaodsPKd4kg==', 'vUKcZb7m2WOyYBtP7Lr6V0Bagu5Q/RjGUiSN7h7Xthc=', 'V4iU1+h0/Ph93D1cApxtgQ==', 'TRUE', '2015-11-25T01:37:35Z'),('3', '5420', 'jz5T5KngwTU9sWg7a4VW/w==', 'sNO48ihGtwc8dAqubU64Z6Ewqn31XYMChhzaolXRRF0=', '/qJKpvedUdTJ+OgluAwyGw==', 'TRUE', '2015-11-25T11:59:40Z'),('2', '2280', 'WWPqc/2i2Sz7F3dofo0p3g==', 'ffdUe/oedOapldMiSE/6k0AQ9njyYu3xbRsHfCZHJoE=', 'POHWJB6uNDq90Le+M6Mr0g==', 'TRUE', '2015-11-26T12:00:44Z'),('2', '2015', '09Ebd9y2HryNb1H+prPl4g==', 'e3Ws9fM7+fEYXWWaQUROI4WEAATa8EGUmH4zvx84rJ0=', 'iDuljBy2Y5Z5mFq7TZk9Eg==', 'TRUE', '2015-11-27T05:40:59Z'),('10', '3170', 'b/2Mm0BfCVFJYNa+rWWG3Q==', 'Lo2YnQZWEssYIjBSOrgeJYm5sTzK50I4wHwghML/z7I=', 'j2Qi/8dIVJrnVCz5tIuCVQ==', 'TRUE', '2015-11-27T06:42:21Z'),('8', '3010', 'SxjtuxLDMqER1FXX/fyQpQ==', 'sW0sAM1wTxjm2+MXFCHywX9XfWy6x+8d7aqpaEbdt24=', 'Nbmc1ooHpA8T/Oy3g7SoHA==', 'TRUE', '2015-11-30T13:27:46Z'),('3', '5595', 'Rnk76E8/wnziYKNkOalQ3Wet93YMNxaQ6wGWpKX80gY=', 'tJOY//K7/C7Uxe1yzscyc8vKnMi22DyvSBhgfnPKQbE=', 'Fesa3gJm8efKfyp6vGuDBQ==', 'TRUE', '2015-12-02T19:10:19Z'),('3', '3400', '+dv3Zs7y3AEXmiv8155W+Q==', '1Z7nU1l0L4j4JHtoltMLn1GXrkEkAs0B5dOAPq+7DRc=', 'fplZElPEVlFP5XKqwolh4A==', 'TRUE', '2015-12-02T21:00:22Z'),('2', '6170', 'sEB5nZjLjNlu+vK5eoA9+s665qrp19dByh71Rjag8EY=', 'xbFehRehAZlsI2siaFh/aQ==', 'tQFMD1kzCMnh5SFlp3tMgw==', 'TRUE', '2015-12-03T19:50:13Z'),('8', '1355', 'w2Et8PuSm2fPvqlLuDVqeA==', 'okBamm3jYxLpkNeLs6NWzg==', 'vaftOEwNlFww8XPrgrVpwQ==', 'TRUE', '2015-12-04T23:54:06Z'),('8', '2280', '+eyiTlcyzo+mJz00TbfPcA==', 'wfaMy/h2lyefqegLKjSRIA==', 'Ifu477RlgAL0d59P+YdJcw==', 'TRUE', '2015-12-05T00:03:20Z'),('2', '5430', 'agbNkJiRUvqpMWW02gvijch9BUmYn/G1QXDuqLDGS2o=', 'DY9Ob+xOp1eHn1t/mAcTKQ==', 'JUFl0VXcw5dwb7PxTyvmlQ==', 'TRUE', '2015-12-06T14:59:30Z'),('6', '3755', 'rjsKBhSWSV7c0XAVS0Pobw==', 'S0wYI4nry6TMNCxS5lkhgFJWXII2ikWljYdJzNTPmig=', 'aFMGIQoXfERtMB4OzY7o8g==', 'TRUE', '2015-12-07T08:50:45Z'),('8', '1575', 'FHMoQhJLHVz7AQgdZ+Mhfw==', 'GJWyoQETPgFFXFx97OnNUH7RHxoCM7SiQlH46oORz20=', '1amgwz3MGkx9lntf2+YLeQ==', 'TRUE', '2015-12-08T12:00:31Z'),('8', '4355', 'Vq+Kvo1K7vaOlEz6GNtPjQ==', 'viO6yHCi7TEhym+hNQFm2EgiDTjWxHvS67P4GGlGaoU=', 'BfUyQ0/FXHh0vRt/oEz0dw==', 'TRUE', '2015-12-09T05:14:10Z'),('8', '2390', '4i8ohagCgHxkzkcAY5hdCg==', 'ezhgaR2OhAA+YnM2JLdXxuffr114QO07uydVNCiCr00=', 'um7EJpc8f2zhpMjnolya/Q==', 'TRUE', '2015-12-09T22:55:39Z'),('6', '5115', 'cegL2llaO6rCcS3vkCWXPdylmcDF/vSSEmkb3T9qLcw=', 'AVvNvOVpP5hwHol58B5BrQ==', '5bmLGeE4eklRexICw2kt1A==', 'TRUE', '2015-12-10T05:43:05Z'),('9', '3495', 'T5YlhTcT6dbwYXpX5po5tw==', 'Tv0WlevjNFPM8XeZLRAWeuJDFCrWHTD+8BF8X0/R9GE=', 'KN2rK+EwBYFHqZemnqo+vQ==', 'TRUE', '2015-12-10T08:18:48Z'),('5', '2380', 'qPPlQ2Ub3pUVG5sNUbmu5A==', 'tq/yhpcEtqbLlmxaKh/TT7ddqG6u2w6L6HQrSGJ6SaE=', 'zbrKOH5R59G4iRRI5e8RWA==', 'TRUE', '2015-12-10T08:44:40Z'),('7', '4785', 'BhFvJvhYl9f4bXKVheOVtw==', 'iYFKgqW34SF3bppxFOA4mg==', 'zCqmwpsYdb558A7FdkcgqA==', 'TRUE', '2015-12-10T09:19:00Z'),('8', '1655', 'lMEmy56h3NLOT50WJMr3Aw==', '2nlejihyCd0ujc0/4oiDtw==', '85aDedx2JVxUWklKAHrb4w==', 'TRUE', '2015-12-12T08:57:00Z'),('8', '640', '0HtJnNqSiDnBvasAfA3l5A==', 'PVBL7TOsXz/8l3Xln2LqBx2r9iOJKGV9PvOWvCLc19s=', 'ucrnJzaBPIH4PRni0wDbGQ==', 'TRUE', '2015-12-13T00:52:15Z'),('8', '1865', '4MwqlqhiEyyH08800/IPXQ==', 'frHeKzd732vjyHxcQM5ZMToBBo2XC3ehLAdn6pntuRw=', 'f41XxrH7YXCFADrOWyYAiw==', 'TRUE', '2015-12-13T21:21:35Z'),('7', '3045', 'kj//pl8Noaw4vULqtTexfQ==', 'DbdL9OZBHgSuJUzmn9QtoA9IB2p8JSbJUo6JD6mYP0M=', 'Y2EhxNe9rPQa82WISsHuuQ==', 'TRUE', '2015-12-13T22:50:23Z'),('10', '2545', 'fFaiWVSPWTJZSwWKhS6P4w==', 'IBk66meRdM9wSWwNpxj+e2JG2BIfDHAjNjuSEUokueU=', 'IHyBzfX6BpbILKnE37mUkw==', 'TRUE', '2015-12-14T08:27:49Z'),('3', '1030', 'BSFGxtsHPd4HEUb/xq4tLg==', 'QnwE0NTBwgWT9nnoY4IqZqnDR2NS5DsBO0hqBF1UDR8=', '5XK96IwPLOcHsP1mv0zAYw==', 'TRUE', '2015-12-16T03:17:51Z');
GO

INSERT INTO [PurchaseOrderDetail] ([PurchaseOrderId], [ProductId], [Quantity], [Cost], [UnitPrice], [SubTotal]) VALUES ('1', '29', '3', '260', '280', '840'),('1', '2', '2', '125', '145', '290'),('1', '2', '4', '125', '145', '580'),('2', '40', '3', '315', '335', '1005'),('2', '42', '4', '325', '345', '1380'),('3', '22', '4', '225', '245', '980'),('3', '53', '3', '380', '400', '1200'),('3', '44', '5', '335', '355', '1775'),('3', '24', '2', '235', '255', '510'),('3', '37', '3', '300', '320', '960'),('4', '23', '2', '230', '250', '500'),('5', '6', '3', '145', '165', '495'),('5', '15', '2', '190', '210', '420'),('5', '23', '4', '230', '250', '1000'),('5', '4', '1', '135', '155', '155'),('5', '19', '5', '210', '230', '1150'),('5', '46', '5', '345', '365', '1825'),('5', '6', '1', '145', '165', '165'),('6', '11', '1', '170', '190', '190'),('6', '6', '5', '145', '165', '825'),('6', '54', '1', '385', '405', '405'),('6', '27', '4', '250', '270', '1080'),('7', '50', '4', '365', '385', '1540'),('7', '39', '5', '310', '330', '1650'),('7', '51', '1', '370', '390', '390'),('7', '16', '4', '195', '215', '860'),('7', '25', '3', '240', '260', '780'),('7', '31', '1', '270', '290', '290'),('8', '37', '2', '300', '320', '640'),('8', '6', '2', '145', '165', '330'),('8', '35', '4', '290', '310', '1240'),('8', '37', '2', '300', '320', '640'),('9', '46', '5', '345', '365', '1825'),('9', '45', '1', '340', '360', '360'),('9', '12', '1', '175', '195', '195'),('9', '21', '2', '220', '240', '480'),('9', '50', '2', '365', '385', '770'),('10', '23', '2', '230', '250', '500'),('10', '23', '4', '230', '250', '1000'),('10', '34', '5', '285', '305', '1525'),('11', '28', '1', '255', '275', '275'),('11', '20', '5', '215', '235', '1175'),('11', '6', '3', '145', '165', '495'),('11', '53', '4', '380', '400', '1600'),('11', '45', '2', '340', '360', '720'),('12', '47', '2', '350', '370', '740'),('12', '33', '1', '280', '300', '300'),('12', '22', '2', '225', '245', '490'),('12', '45', '5', '340', '360', '1800'),('12', '9', '3', '160', '180', '540');
INSERT INTO [PurchaseOrderDetail] ([PurchaseOrderId], [ProductId], [Quantity], [Cost], [UnitPrice], [SubTotal]) VALUES ('13', '16', '2', '195', '215', '430'),('13', '37', '1', '300', '320', '320'),('13', '16', '4', '195', '215', '860'),('13', '20', '3', '215', '235', '705'),('13', '17', '4', '200', '220', '880'),('14', '26', '5', '245', '265', '1325'),('14', '8', '3', '155', '175', '525'),('14', '49', '5', '360', '380', '1900'),('14', '16', '5', '195', '215', '1075'),('15', '40', '4', '315', '335', '1340'),('15', '54', '1', '385', '405', '405'),('15', '11', '2', '170', '190', '380'),('15', '29', '5', '260', '280', '1400'),('15', '35', '2', '290', '310', '620'),('15', '9', '4', '160', '180', '720'),('16', '23', '2', '230', '250', '500'),('16', '22', '5', '225', '245', '1225'),('16', '9', '3', '160', '180', '540'),('17', '6', '5', '145', '165', '825'),('17', '22', '3', '225', '245', '735'),('17', '17', '1', '200', '220', '220'),('17', '18', '3', '205', '225', '675'),('17', '55', '4', '390', '410', '1640'),('17', '29', '5', '260', '280', '1400'),('17', '8', '2', '155', '175', '350'),('18', '13', '1', '180', '200', '200'),('18', '1', '3', '120', '140', '420'),('18', '18', '5', '205', '225', '1125'),('18', '37', '5', '300', '320', '1600'),('18', '10', '4', '165', '185', '740'),('19', '34', '4', '285', '305', '1220'),('19', '24', '1', '235', '255', '255'),('19', '31', '4', '270', '290', '1160'),('19', '39', '5', '310', '330', '1650'),('19', '39', '5', '310', '330', '1650'),('19', '36', '4', '295', '315', '1260'),('19', '5', '1', '140', '160', '160'),('20', '1', '4', '120', '140', '560'),('20', '31', '3', '270', '290', '870'),('20', '49', '2', '360', '380', '760'),('20', '3', '5', '130', '150', '750'),('20', '11', '4', '170', '190', '760'),('20', '3', '1', '130', '150', '150'),('20', '46', '1', '345', '365', '365'),('20', '30', '1', '265', '285', '285'),('20', '45', '3', '340', '360', '1080'),('21', '6', '1', '145', '165', '165'),('21', '38', '1', '305', '325', '325'),('21', '6', '2', '145', '165', '330'),('21', '2', '4', '125', '145', '580'),('21', '42', '4', '325', '345', '1380');
INSERT INTO [PurchaseOrderDetail] ([PurchaseOrderId], [ProductId], [Quantity], [Cost], [UnitPrice], [SubTotal]) VALUES ('21', '31', '1', '270', '290', '290'),('21', '6', '5', '145', '165', '825'),('21', '9', '5', '160', '180', '900'),('21', '29', '2', '260', '280', '560'),('21', '17', '2', '200', '220', '440'),('21', '13', '1', '180', '200', '200'),('22', '37', '1', '300', '320', '320'),('22', '54', '5', '385', '405', '2025'),('22', '20', '1', '215', '235', '235'),('22', '42', '3', '325', '345', '1035'),('22', '42', '5', '325', '345', '1725'),('23', '48', '4', '355', '375', '1500'),('23', '23', '4', '230', '250', '1000'),('23', '14', '2', '185', '205', '410'),('23', '29', '3', '260', '280', '840'),('24', '1', '4', '120', '140', '560'),('24', '1', '3', '120', '140', '420'),('24', '25', '3', '240', '260', '780'),('24', '48', '5', '355', '375', '1875'),('24', '12', '3', '175', '195', '585'),('25', '17', '3', '200', '220', '660'),('25', '26', '2', '245', '265', '530'),('25', '31', '1', '270', '290', '290'),('25', '52', '1', '375', '395', '395'),('26', '27', '2', '250', '270', '540'),('26', '44', '5', '335', '355', '1775'),('26', '8', '5', '155', '175', '875'),('27', '11', '4', '170', '190', '760'),('28', '31', '4', '270', '290', '1160'),('28', '2', '5', '125', '145', '725'),('28', '54', '2', '385', '405', '810'),('28', '37', '1', '300', '320', '320'),('28', '21', '5', '220', '240', '1200'),('28', '38', '5', '305', '325', '1625'),('28', '11', '2', '170', '190', '380'),('29', '28', '1', '255', '275', '275'),('29', '5', '5', '140', '160', '800'),('29', '14', '4', '185', '205', '820'),('29', '2', '1', '125', '145', '145'),('29', '25', '1', '240', '260', '260'),('30', '40', '4', '315', '335', '1340'),('30', '5', '4', '140', '160', '640'),('30', '11', '2', '170', '190', '380'),('30', '18', '4', '205', '225', '900'),('30', '27', '1', '250', '270', '270'),('30', '51', '1', '370', '390', '390'),('30', '17', '4', '200', '220', '880'),('30', '47', '3', '350', '370', '1110'),('30', '13', '2', '180', '200', '400'),('30', '4', '1', '135', '155', '155'),('30', '43', '3', '330', '350', '1050');
INSERT INTO [PurchaseOrderDetail] ([PurchaseOrderId], [ProductId], [Quantity], [Cost], [UnitPrice], [SubTotal]) VALUES ('31', '11', '4', '170', '190', '760'),('31', '3', '3', '130', '150', '450'),('31', '30', '2', '265', '285', '570'),('31', '19', '3', '210', '230', '690'),('31', '14', '3', '185', '205', '615'),('31', '7', '1', '150', '170', '170'),('31', '3', '5', '130', '150', '750'),('32', '30', '4', '265', '285', '1140'),('32', '35', '5', '290', '310', '1550'),('32', '32', '2', '275', '295', '590'),('32', '31', '5', '270', '290', '1450'),('32', '34', '3', '285', '305', '915'),('33', '48', '3', '355', '375', '1125'),('33', '20', '2', '215', '235', '470'),('33', '31', '1', '270', '290', '290'),('33', '12', '5', '175', '195', '975'),('33', '27', '2', '250', '270', '540'),('33', '22', '5', '225', '245', '1225'),('33', '53', '3', '380', '400', '1200'),('34', '51', '1', '370', '390', '390'),('34', '5', '1', '140', '160', '160'),('34', '20', '3', '215', '235', '705'),('35', '15', '3', '190', '210', '630'),('35', '27', '1', '250', '270', '270'),('35', '49', '3', '360', '380', '1140'),('35', '11', '1', '170', '190', '190'),('35', '6', '5', '145', '165', '825'),('36', '46', '2', '345', '365', '730'),('36', '46', '3', '345', '365', '1095'),('36', '18', '3', '205', '225', '675'),('36', '5', '3', '140', '160', '480'),('36', '14', '5', '185', '205', '1025'),('36', '53', '4', '380', '400', '1600'),('36', '35', '1', '290', '310', '310'),('37', '15', '5', '190', '210', '1050'),('37', '46', '1', '345', '365', '365'),('37', '35', '3', '290', '310', '930'),('37', '9', '5', '160', '180', '900'),('37', '40', '5', '315', '335', '1675'),('37', '7', '1', '150', '170', '170'),('38', '16', '1', '195', '215', '215'),('39', '27', '1', '250', '270', '270'),('39', '15', '4', '190', '210', '840'),('40', '9', '2', '160', '180', '360'),('40', '10', '4', '165', '185', '740'),('40', '15', '5', '190', '210', '1050'),('41', '11', '5', '170', '190', '950'),('41', '28', '1', '255', '275', '275'),('42', '21', '5', '220', '240', '1200'),('42', '38', '4', '305', '325', '1300'),('42', '10', '1', '165', '185', '185');
INSERT INTO [PurchaseOrderDetail] ([PurchaseOrderId], [ProductId], [Quantity], [Cost], [UnitPrice], [SubTotal]) VALUES ('42', '12', '5', '175', '195', '975'),('43', '49', '4', '360', '380', '1520'),('43', '54', '1', '385', '405', '405'),('43', '53', '5', '380', '400', '2000'),('43', '53', '2', '380', '400', '800'),('43', '53', '5', '380', '400', '2000'),('44', '35', '3', '290', '310', '930'),('44', '19', '4', '210', '230', '920'),('44', '9', '3', '160', '180', '540'),('44', '34', '1', '285', '305', '305'),('44', '52', '1', '375', '395', '395'),('44', '44', '5', '335', '355', '1775'),('44', '41', '5', '320', '340', '1700'),('45', '20', '2', '215', '235', '470'),('45', '42', '4', '325', '345', '1380'),('45', '25', '3', '240', '260', '780'),('45', '47', '1', '350', '370', '370'),('45', '36', '2', '295', '315', '630'),('45', '24', '1', '235', '255', '255'),('45', '5', '3', '140', '160', '480'),('45', '22', '2', '225', '245', '490'),('45', '55', '1', '390', '410', '410'),('45', '34', '2', '285', '305', '610'),('46', '47', '5', '350', '370', '1850'),('46', '25', '5', '240', '260', '1300'),('46', '9', '3', '160', '180', '540'),('46', '14', '4', '185', '205', '820'),('46', '20', '1', '215', '235', '235'),('46', '52', '1', '375', '395', '395'),('46', '13', '2', '180', '200', '400'),('46', '35', '4', '290', '310', '1240'),('47', '25', '1', '240', '260', '260'),('47', '42', '1', '325', '345', '345'),('47', '20', '4', '215', '235', '940'),('47', '52', '1', '375', '395', '395'),('47', '16', '5', '195', '215', '1075'),('47', '3', '5', '130', '150', '750'),('47', '46', '3', '345', '365', '1095'),('48', '44', '1', '335', '355', '355'),('48', '45', '3', '340', '360', '1080'),('48', '19', '5', '210', '230', '1150'),('48', '27', '5', '250', '270', '1350'),('48', '18', '2', '205', '225', '450'),('48', '30', '2', '265', '285', '570'),('48', '31', '5', '270', '290', '1450'),('48', '27', '3', '250', '270', '810'),('48', '19', '1', '210', '230', '230'),('49', '13', '2', '180', '200', '400'),('49', '19', '5', '210', '230', '1150'),('49', '14', '2', '185', '205', '410'),('49', '54', '5', '385', '405', '2025');
INSERT INTO [PurchaseOrderDetail] ([PurchaseOrderId], [ProductId], [Quantity], [Cost], [UnitPrice], [SubTotal]) VALUES ('50', '10', '2', '165', '185', '370'),('50', '9', '3', '160', '180', '540'),('50', '11', '2', '170', '190', '380'),('50', '5', '5', '140', '160', '800'),('50', '33', '1', '280', '300', '300'),('51', '54', '2', '385', '405', '810'),('51', '40', '2', '315', '335', '670'),('52', '37', '1', '300', '320', '320'),('52', '21', '2', '220', '240', '480'),('52', '23', '2', '230', '250', '500'),('52', '14', '1', '185', '205', '205'),('52', '53', '4', '380', '400', '1600'),('52', '19', '2', '210', '230', '460'),('52', '54', '4', '385', '405', '1620'),('53', '46', '3', '345', '365', '1095'),('53', '50', '1', '365', '385', '385'),('53', '8', '5', '155', '175', '875'),('53', '4', '4', '135', '155', '620'),('53', '3', '5', '130', '150', '750'),('53', '31', '3', '270', '290', '870'),('53', '54', '4', '385', '405', '1620'),('53', '2', '5', '125', '145', '725'),('54', '22', '1', '225', '245', '245'),('54', '13', '3', '180', '200', '600'),('54', '32', '5', '275', '295', '1475'),('55', '41', '3', '320', '340', '1020'),('55', '26', '5', '245', '265', '1325'),('55', '3', '4', '130', '150', '600'),('55', '43', '5', '330', '350', '1750'),('56', '2', '5', '125', '145', '725'),('56', '2', '1', '125', '145', '145'),('56', '48', '2', '355', '375', '750'),('56', '11', '4', '170', '190', '760'),('56', '51', '3', '370', '390', '1170'),('56', '25', '2', '240', '260', '520'),('56', '41', '5', '320', '340', '1700'),('57', '7', '4', '150', '170', '680'),('57', '44', '2', '335', '355', '710'),('57', '26', '4', '245', '265', '1060'),('57', '29', '1', '260', '280', '280'),('57', '54', '1', '385', '405', '405'),('57', '44', '3', '335', '355', '1065'),('57', '53', '2', '380', '400', '800'),('58', '1', '3', '120', '140', '420'),('58', '47', '2', '350', '370', '740'),('58', '31', '5', '270', '290', '1450'),('58', '2', '5', '125', '145', '725'),('58', '5', '3', '140', '160', '480'),('58', '10', '3', '165', '185', '555'),('58', '50', '4', '365', '385', '1540'),('58', '10', '5', '165', '185', '925');
INSERT INTO [PurchaseOrderDetail] ([PurchaseOrderId], [ProductId], [Quantity], [Cost], [UnitPrice], [SubTotal]) VALUES ('59', '24', '2', '235', '255', '510'),('59', '22', '5', '225', '245', '1225'),('59', '40', '3', '315', '335', '1005'),('59', '16', '1', '195', '215', '215'),('60', '3', '5', '130', '150', '750'),('60', '29', '1', '260', '280', '280'),('60', '2', '4', '125', '145', '580'),('60', '48', '2', '355', '375', '750'),('60', '51', '4', '370', '390', '1560'),('60', '51', '2', '370', '390', '780'),('60', '4', '2', '135', '155', '310'),('60', '20', '4', '215', '235', '940'),('60', '54', '3', '385', '405', '1215'),('60', '26', '1', '245', '265', '265'),('61', '38', '5', '305', '325', '1625'),('61', '42', '3', '325', '345', '1035'),('61', '7', '3', '150', '170', '510'),('61', '43', '5', '330', '350', '1750'),('61', '54', '3', '385', '405', '1215'),('61', '12', '3', '175', '195', '585'),('62', '25', '3', '240', '260', '780'),('62', '6', '4', '145', '165', '660'),('62', '36', '5', '295', '315', '1575'),('62', '8', '5', '155', '175', '875'),('62', '20', '4', '215', '235', '940'),('62', '17', '4', '200', '220', '880'),('63', '36', '3', '295', '315', '945'),('63', '27', '1', '250', '270', '270'),('63', '50', '3', '365', '385', '1155'),('64', '55', '4', '390', '410', '1640'),('64', '34', '5', '285', '305', '1525'),('64', '19', '1', '210', '230', '230'),('64', '32', '2', '275', '295', '590'),('64', '9', '2', '160', '180', '360'),('65', '18', '4', '205', '225', '900'),('65', '37', '5', '300', '320', '1600'),('65', '21', '2', '220', '240', '480'),('66', '28', '1', '255', '275', '275'),('66', '15', '1', '190', '210', '210'),('66', '27', '4', '250', '270', '1080'),('66', '54', '4', '385', '405', '1620'),('66', '37', '5', '300', '320', '1600'),('66', '45', '4', '340', '360', '1440'),('66', '36', '5', '295', '315', '1575'),('66', '43', '2', '330', '350', '700'),('67', '24', '1', '235', '255', '255'),('67', '31', '2', '270', '290', '580'),('67', '42', '3', '325', '345', '1035'),('67', '4', '3', '135', '155', '465'),('67', '30', '5', '265', '285', '1425'),('67', '34', '3', '285', '305', '915');
INSERT INTO [PurchaseOrderDetail] ([PurchaseOrderId], [ProductId], [Quantity], [Cost], [UnitPrice], [SubTotal]) VALUES ('67', '33', '3', '280', '300', '900'),('68', '28', '2', '255', '275', '550'),('68', '19', '2', '210', '230', '460'),('68', '48', '5', '355', '375', '1875'),('68', '43', '5', '330', '350', '1750'),('69', '52', '2', '375', '395', '790'),('69', '53', '4', '380', '400', '1600'),('69', '25', '1', '240', '260', '260'),('69', '49', '3', '360', '380', '1140'),('69', '15', '2', '190', '210', '420'),('69', '19', '5', '210', '230', '1150'),('70', '30', '1', '265', '285', '285'),('70', '29', '2', '260', '280', '560'),('70', '1', '3', '120', '140', '420'),('70', '8', '2', '155', '175', '350'),('71', '24', '1', '235', '255', '255'),('71', '6', '2', '145', '165', '330'),('71', '11', '3', '170', '190', '570'),('71', '7', '2', '150', '170', '340'),('71', '22', '1', '225', '245', '245'),('72', '26', '4', '245', '265', '1060'),('72', '24', '1', '235', '255', '255'),('72', '46', '1', '345', '365', '365'),('72', '23', '1', '230', '250', '250'),('72', '34', '4', '285', '305', '1220'),('73', '3', '5', '130', '150', '750'),('73', '34', '2', '285', '305', '610'),('73', '53', '5', '380', '400', '2000'),('73', '33', '3', '280', '300', '900'),('73', '35', '2', '290', '310', '620'),('73', '29', '5', '260', '280', '1400'),('74', '45', '2', '340', '360', '720'),('74', '29', '3', '260', '280', '840'),('74', '37', '5', '300', '320', '1600'),('74', '50', '2', '365', '385', '770'),('74', '38', '4', '305', '325', '1300'),('75', '48', '5', '355', '375', '1875'),('75', '42', '1', '325', '345', '345'),('75', '22', '2', '225', '245', '490'),('75', '40', '5', '315', '335', '1675'),('75', '24', '5', '235', '255', '1275'),('75', '18', '1', '205', '225', '225'),('76', '46', '2', '345', '365', '730'),('76', '39', '1', '310', '330', '330'),('76', '6', '2', '145', '165', '330'),('76', '5', '3', '140', '160', '480'),('76', '53', '5', '380', '400', '2000'),('76', '5', '2', '140', '160', '320'),('76', '55', '3', '390', '410', '1230'),('77', '18', '4', '205', '225', '900'),('77', '42', '4', '325', '345', '1380');
INSERT INTO [PurchaseOrderDetail] ([PurchaseOrderId], [ProductId], [Quantity], [Cost], [UnitPrice], [SubTotal]) VALUES ('78', '40', '1', '315', '335', '335'),('78', '14', '4', '185', '205', '820'),('78', '28', '1', '255', '275', '275'),('78', '12', '3', '175', '195', '585'),('79', '53', '5', '380', '400', '2000'),('79', '24', '1', '235', '255', '255'),('79', '34', '3', '285', '305', '915'),('80', '55', '5', '390', '410', '2050'),('80', '11', '2', '170', '190', '380'),('80', '31', '2', '270', '290', '580'),('81', '26', '1', '245', '265', '265'),('81', '38', '5', '305', '325', '1625'),('81', '55', '3', '390', '410', '1230'),('81', '49', '4', '360', '380', '1520'),('81', '20', '3', '215', '235', '705'),('81', '23', '1', '230', '250', '250'),('82', '45', '5', '340', '360', '1800'),('82', '25', '1', '240', '260', '260'),('82', '17', '2', '200', '220', '440'),('82', '33', '3', '280', '300', '900'),('83', '3', '1', '130', '150', '150'),('83', '29', '5', '260', '280', '1400'),('83', '30', '1', '265', '285', '285'),('83', '10', '5', '165', '185', '925'),('83', '24', '5', '235', '255', '1275'),('83', '5', '5', '140', '160', '800'),('83', '23', '3', '230', '250', '750'),('83', '12', '3', '175', '195', '585'),('84', '4', '5', '135', '155', '775'),('84', '32', '1', '275', '295', '295'),('84', '30', '1', '265', '285', '285'),('85', '29', '3', '260', '280', '840'),('85', '4', '4', '135', '155', '620'),('85', '14', '4', '185', '205', '820'),('86', '39', '5', '310', '330', '1650'),('86', '15', '5', '190', '210', '1050'),('86', '54', '2', '385', '405', '810'),('86', '43', '4', '330', '350', '1400'),('86', '13', '1', '180', '200', '200'),('86', '5', '2', '140', '160', '320'),('87', '23', '1', '230', '250', '250'),('87', '12', '4', '175', '195', '780'),('87', '32', '5', '275', '295', '1475'),('87', '54', '2', '385', '405', '810'),('87', '17', '2', '200', '220', '440'),('88', '36', '5', '295', '315', '1575'),('89', '52', '4', '375', '395', '1580'),('89', '6', '2', '145', '165', '330'),('89', '5', '5', '140', '160', '800'),('89', '10', '3', '165', '185', '555'),('89', '1', '5', '120', '140', '700');
INSERT INTO [PurchaseOrderDetail] ([PurchaseOrderId], [ProductId], [Quantity], [Cost], [UnitPrice], [SubTotal]) VALUES ('89', '12', '2', '175', '195', '390'),('90', '54', '3', '385', '405', '1215'),('90', '2', '2', '125', '145', '290'),('90', '26', '1', '245', '265', '265'),('90', '35', '2', '290', '310', '620'),('91', '11', '4', '170', '190', '760'),('91', '52', '3', '375', '395', '1185'),('91', '26', '1', '245', '265', '265'),('91', '1', '5', '120', '140', '700'),('91', '10', '3', '165', '185', '555'),('91', '33', '3', '280', '300', '900'),('91', '3', '5', '130', '150', '750'),('92', '40', '1', '315', '335', '335'),('92', '49', '3', '360', '380', '1140'),('92', '45', '1', '340', '360', '360'),('92', '47', '4', '350', '370', '1480'),('92', '9', '1', '160', '180', '180'),('93', '12', '4', '175', '195', '780'),('93', '37', '5', '300', '320', '1600'),('94', '45', '5', '340', '360', '1800'),('94', '16', '5', '195', '215', '1075'),('94', '30', '1', '265', '285', '285'),('94', '2', '4', '125', '145', '580'),('94', '27', '3', '250', '270', '810'),('94', '20', '1', '215', '235', '235'),('95', '37', '1', '300', '320', '320'),('95', '3', '1', '130', '150', '150'),('95', '4', '3', '135', '155', '465'),('95', '21', '3', '220', '240', '720'),('96', '27', '1', '250', '270', '270'),('96', '47', '1', '350', '370', '370'),('97', '16', '1', '195', '215', '215'),('97', '39', '5', '310', '330', '1650'),('98', '55', '1', '390', '410', '410'),('98', '52', '2', '375', '395', '790'),('98', '3', '2', '130', '150', '300'),('98', '40', '4', '315', '335', '1340'),('98', '14', '1', '185', '205', '205'),('99', '23', '4', '230', '250', '1000'),('99', '16', '1', '195', '215', '215'),('99', '24', '4', '235', '255', '1020'),('99', '4', '2', '135', '155', '310'),('100', '3', '2', '130', '150', '300'),('100', '2', '3', '125', '145', '435'),('100', '1', '1', '120', '140', '140'),('100', '4', '1', '135', '155', '155');
GO

INSERT INTO [DATABASECHANGELOG] ([ID], [AUTHOR], [FILENAME], [DATEEXECUTED], [ORDEREXECUTED], [MD5SUM], [DESCRIPTION], [COMMENTS], [EXECTYPE], [CONTEXTS], [LABELS], [LIQUIBASE]) VALUES ('00000000000001', 'Kieron Tran', 'src/main/resources/config/liquibase/changelog/00000000000000_initial_schema.xml', GETDATE(), 1, '7:6c77e226a0c11f4d91c36632997b64c0', 'createTable (x11), addUniqueConstraint (x5), addForeignKeyConstraint (x10), loadData (x11)', '', 'EXECUTED', NULL, NULL, '3.4.1')
GO

-- Changeset src/main/resources/config/liquibase/changelog/20151211-1840-changelog.xml::1449834033849-1::Kieron Tran
BEGIN TRANSACTION;

BEGIN TRY

DELETE FROM [Unify].[dbo].[AccountRole] WHERE Email = (SELECT [Email] from [Unify].[dbo].[AccountRole] EXCEPT SELECT [Email] from [Unify].[dbo].[Account]);

INSERT INTO [Unify].[dbo].[AccountRole] (Email, Role) SELECT [Email],'USER' AS [Role] FROM [Unify].[dbo].[AccountRole] WHERE EMAIL = (SELECT [Email] from [Unify].[dbo].[Account] EXCEPT SELECT [Email] from [Unify].[dbo].[AccountRole]);

ALTER TABLE [Unify].[dbo].[AccountRole] ADD CONSTRAINT FK_EMAIL_ACCOUNT FOREIGN KEY (Email) REFERENCES [Unify].[dbo].[Account] (Email);

UPDATE [Unify].[dbo].[PurchaseOrder] SET [SubTotal] = [SubTotal] * 1.12 WHERE [PurchaseOrderId] < 200;

END TRY
BEGIN CATCH
    SELECT 
	ERROR_NUMBER() AS ErrorNumber ,
    ERROR_SEVERITY() AS ErrorSeverity ,
    ERROR_STATE() AS ErrorState ,
    ERROR_PROCEDURE() AS ErrorProcedure ,
    ERROR_LINE() AS ErrorLine ,
    ERROR_MESSAGE() AS ErrorMessage;
    IF @@TRANCOUNT > 0 ROLLBACK TRANSACTION;
END CATCH;

IF @@TRANCOUNT > 0
    COMMIT TRANSACTION;
GO

INSERT INTO [DATABASECHANGELOG] ([ID], [AUTHOR], [FILENAME], [DATEEXECUTED], [ORDEREXECUTED], [MD5SUM], [DESCRIPTION], [COMMENTS], [EXECTYPE], [CONTEXTS], [LABELS], [LIQUIBASE]) VALUES ('1449834033849-1', 'Kieron Tran', 'src/main/resources/config/liquibase/changelog/20151211-1840-changelog.xml', GETDATE(), 2, '7:de0c9feb6e1313ac036853dc50aa02ff', 'sqlFile', '', 'EXECUTED', NULL, NULL, '3.4.1')
GO

-- Release Database Lock
UPDATE [DATABASECHANGELOGLOCK] SET [LOCKED] = 0, [LOCKEDBY] = NULL, [LOCKGRANTED] = NULL WHERE [ID] = 1
GO

