Email,Password,ImageLink,FirstName,LastName,Phone,Address,Gender,DayOfBirth,CreatedDate,isAvailable
admin@yourstore.com,ba3253876aed6bc22d4a6ff53d8406c6ad864195ed144ab5c87621b6c233b548baeae6956df346ec8c17f5ea10f35ee3cbc514797ed7ddd3145464e2a0bab413,/img/user/user.jpg,Arthur,Gonzalez,7-(126)589-8660,74374 Cottonwood Parkway,M,1994-12-25T07:13:24Z,2014-10-15T17:50:52Z,1
kieron2208@gmail.com,ba3253876aed6bc22d4a6ff53d8406c6ad864195ed144ab5c87621b6c233b548baeae6956df346ec8c17f5ea10f35ee3cbc514797ed7ddd3145464e2a0bab413,/img/user/user.jpg,Henry,Ruiz,509-(330)258-7565,8752 Oakridge Hill,M,1989-06-10T06:00:10Z,2015-03-15T01:53:29Z,1
user@gmail.com,ba3253876aed6bc22d4a6ff53d8406c6ad864195ed144ab5c87621b6c233b548baeae6956df346ec8c17f5ea10f35ee3cbc514797ed7ddd3145464e2a0bab413,/img/user/user.jpg,Timothy,Coleman,46-(197)374-5560,0 Sundown Court,M,1991-12-16T03:45:08Z,2015-02-11T16:49:20Z,1
aramos1@google.de,8204bbf1f3135659cd315302bec57b8cc38ac73b8c566c7cc8565f330bff195191fffa2a8e4a06480a6fd8c4f7922a8f9e2776515fbbcaf66cd152d676cad6be,/img/user/user.jpg,Roger,Elliott,1-(305)814-2558,98121 Nova Crossing,M,1996-01-02T23:01:28Z,2015-06-17T17:31:12Z,1
kclark2@microsoft.com,6c491ddd51037361309ac6be0f792ace7356094530e0955855d10a04bb4c66fa7c80ad48d6c4ff5291cd90b9ae6aeb96c6b09c77942d3020028b75b6337f2115,/img/user/user.jpg,Jack,Carpenter,7-(256)847-4966,70914 Burning Wood Drive,M,1987-12-13T16:10:24Z,2014-05-24T17:25:00Z,1
cwagner3@hud.gov,dd5d440cf9eade36a15f2936706232fa0b6310d8b250249f71e5fed5dddf9e4e5ba0a1043505cbcaeff09ae58f7c89856bddd127b626c235b85dca66f854b3b2,/img/user/user.jpg,Clarence,Wagner,62-(362)235-9603,8589 Vermont Plaza,M,1990-02-18T14:53:37Z,2014-10-07T02:49:43Z,1
vjacobs4@xing.com,2804671139f59745f976206051e8502b93a4020e5efa7fb8afce09378aa15307cd1305dcc0a38f8f4a13a860cc40bd70c7a80f33396139abdc87886ef040e604,/img/user/user.jpg,Benjamin,Brown,46-(629)276-3120,54395 Algoma Drive,M,1971-07-12T06:07:55Z,2015-10-23T15:04:30Z,1
dmartinez5@barnesandnoble.com,13b2a5b6fc5d8ab99733f3d299be8024cf314056e31e479171236fd1db854e10f8c998ef05a96fc64f75a02178e0b999d1582cc96e6a11ab8359676fcc7d8993,/img/user/user.jpg,Arthur,Wilson,387-(797)137-6945,4 Butternut Lane,M,1994-03-08T07:14:40Z,2015-01-14T02:29:58Z,1
sdixon6@google.co.jp,47ee6421f2e4743d594f26bd7d216597b41af46c7a9f8169582994e81b1bd3b0045063011e3c6435026c4497119eaf6acb61224218deeee46334e8ce2e9c83ea,/img/user/user.jpg,Louise,Ellis,62-(204)765-7547,86948 Starling Center,F,1990-05-24T18:29:49Z,2015-04-11T13:58:07Z,1
creed7@people.com.cn,f264bd95983a9667010a696836a8166cf30e39f690fbb3473f8283a5f00cc827c4ac4e4d176779204b6c9ad03a4f491d5bb31e2bfa1106174f489fbe48cdfbe4,/img/user/user.jpg,Joan,Collins,86-(306)295-8025,1 3rd Avenue,F,1990-01-03T10:38:54Z,2015-04-26T18:12:47Z,1
dgonzalez0@cmu.edu,ba3253876aed6bc22d4a6ff53d8406c6ad864195ed144ab5c87621b6c233b548baeae6956df346ec8c17f5ea10f35ee3cbc514797ed7ddd3145464e2a0bab413,/img/user/user.jpg,Gonzalez,Denise,353-(179)576-5546,6 Alpine Court,F,1993-10-09T16:26:27Z,2015-04-28T03:55:54Z,1
dalvarez1@skyrock.com,ba3253876aed6bc22d4a6ff53d8406c6ad864195ed144ab5c87621b6c233b548baeae6956df346ec8c17f5ea10f35ee3cbc514797ed7ddd3145464e2a0bab413,/img/user/user.jpg,Alvarez,Daniel,1-(121)566-9527,23 Debs Point,M,1986-07-24T18:56:57Z,2015-07-11T12:38:38Z,1
sscott2@si.edu,ba3253876aed6bc22d4a6ff53d8406c6ad864195ed144ab5c87621b6c233b548baeae6956df346ec8c17f5ea10f35ee3cbc514797ed7ddd3145464e2a0bab413,/img/user/user.jpg,Scott,Scott,86-(351)484-4164,7149 Arizona Center,M,1990-01-21T06:42:45Z,2014-10-19T14:51:50Z,1
jstephens3@webs.com,ba3253876aed6bc22d4a6ff53d8406c6ad864195ed144ab5c87621b6c233b548baeae6956df346ec8c17f5ea10f35ee3cbc514797ed7ddd3145464e2a0bab413,/img/user/user.jpg,Stephens,Judy,385-(633)631-7173,79 Holy Cross Street,F,1993-05-13T10:09:56Z,2014-11-04T15:22:56Z,1
awarren4@nifty.com,ba3253876aed6bc22d4a6ff53d8406c6ad864195ed144ab5c87621b6c233b548baeae6956df346ec8c17f5ea10f35ee3cbc514797ed7ddd3145464e2a0bab413,/img/user/user.jpg,Warren,Adam,86-(112)728-1592,399 Northport Plaza,M,1970-01-04T05:48:54Z,2015-02-16T01:24:27Z,1
preid5@mozilla.org,ba3253876aed6bc22d4a6ff53d8406c6ad864195ed144ab5c87621b6c233b548baeae6956df346ec8c17f5ea10f35ee3cbc514797ed7ddd3145464e2a0bab413,/img/user/user.jpg,Reid,Pamela,63-(650)612-4457,32857 Washington Park,F,1975-06-02T02:34:49Z,2014-11-19T17:53:09Z,1
bpeters6@google.nl,ba3253876aed6bc22d4a6ff53d8406c6ad864195ed144ab5c87621b6c233b548baeae6956df346ec8c17f5ea10f35ee3cbc514797ed7ddd3145464e2a0bab413,/img/user/user.jpg,Peters,Benjamin,505-(991)357-9200,7134 Superior Place,M,1996-03-27T15:23:50Z,2015-06-21T04:05:27Z,1
gpeterson7@acquirethisname.com,ba3253876aed6bc22d4a6ff53d8406c6ad864195ed144ab5c87621b6c233b548baeae6956df346ec8c17f5ea10f35ee3cbc514797ed7ddd3145464e2a0bab413,/img/user/user.jpg,Peterson,Gary,964-(222)304-0648,12 Barby Hill,M,1980-09-23T17:45:28Z,2015-09-27T17:33:11Z,1
dwest8@indiegogo.com,ba3253876aed6bc22d4a6ff53d8406c6ad864195ed144ab5c87621b6c233b548baeae6956df346ec8c17f5ea10f35ee3cbc514797ed7ddd3145464e2a0bab413,/img/user/user.jpg,West,Deborah,86-(485)925-6249,02 Warrior Way,F,1970-07-29T18:08:54Z,2015-09-04T21:41:53Z,1
eclark9@1und1.de,ba3253876aed6bc22d4a6ff53d8406c6ad864195ed144ab5c87621b6c233b548baeae6956df346ec8c17f5ea10f35ee3cbc514797ed7ddd3145464e2a0bab413,/img/user/user.jpg,Clark,Elizabeth,86-(875)144-5865,194 Esker Pass,F,1970-01-28T09:38:05Z,2015-10-01T04:51:43Z,1
lbanksa@cafepress.com,ba3253876aed6bc22d4a6ff53d8406c6ad864195ed144ab5c87621b6c233b548baeae6956df346ec8c17f5ea10f35ee3cbc514797ed7ddd3145464e2a0bab413,/img/user/user.jpg,Banks,Larry,7-(232)310-4512,482 Schmedeman Terrace,M,1971-06-21T08:19:37Z,2015-04-28T14:30:19Z,1
aortizb@sitemeter.com,ba3253876aed6bc22d4a6ff53d8406c6ad864195ed144ab5c87621b6c233b548baeae6956df346ec8c17f5ea10f35ee3cbc514797ed7ddd3145464e2a0bab413,/img/user/user.jpg,Ortiz,Antonio,52-(524)420-0309,31081 Holy Cross Court,M,1996-12-08T04:13:14Z,2014-05-12T21:23:59Z,1
tedwardsc@theguardian.com,ba3253876aed6bc22d4a6ff53d8406c6ad864195ed144ab5c87621b6c233b548baeae6956df346ec8c17f5ea10f35ee3cbc514797ed7ddd3145464e2a0bab413,/img/user/user.jpg,Edwards,Tina,86-(768)549-3227,10072 Vahlen Trail,F,1985-06-11T00:59:49Z,2015-02-04T06:04:09Z,1
dnicholsd@sourceforge.net,ba3253876aed6bc22d4a6ff53d8406c6ad864195ed144ab5c87621b6c233b548baeae6956df346ec8c17f5ea10f35ee3cbc514797ed7ddd3145464e2a0bab413,/img/user/user.jpg,Nichols,Denise,33-(883)598-8658,81 Maple Wood Trail,F,1974-07-04T05:06:04Z,2015-04-15T13:14:03Z,1
tlonge@vk.com,ba3253876aed6bc22d4a6ff53d8406c6ad864195ed144ab5c87621b6c233b548baeae6956df346ec8c17f5ea10f35ee3cbc514797ed7ddd3145464e2a0bab413,/img/user/user.jpg,Long,Theresa,62-(709)184-5501,3 Old Shore Way,F,1980-12-20T06:00:46Z,2014-10-15T03:29:26Z,1
tpaynef@bizjournals.com,ba3253876aed6bc22d4a6ff53d8406c6ad864195ed144ab5c87621b6c233b548baeae6956df346ec8c17f5ea10f35ee3cbc514797ed7ddd3145464e2a0bab413,/img/user/user.jpg,Payne,Todd,48-(696)575-4918,76204 Coolidge Pass,M,1976-07-13T01:17:19Z,2014-03-25T11:43:07Z,1
astevensg@dyndns.org,ba3253876aed6bc22d4a6ff53d8406c6ad864195ed144ab5c87621b6c233b548baeae6956df346ec8c17f5ea10f35ee3cbc514797ed7ddd3145464e2a0bab413,/img/user/user.jpg,Stevens,Annie,55-(368)684-2853,86160 Hintze Way,F,1993-06-06T20:23:56Z,2014-02-16T10:17:00Z,1
llewish@dot.gov,ba3253876aed6bc22d4a6ff53d8406c6ad864195ed144ab5c87621b6c233b548baeae6956df346ec8c17f5ea10f35ee3cbc514797ed7ddd3145464e2a0bab413,/img/user/user.jpg,Lewis,Larry,63-(931)813-5836,7449 Basil Junction,M,1982-03-06T10:51:08Z,2014-09-28T18:09:50Z,1
jbaileyi@a8.net,ba3253876aed6bc22d4a6ff53d8406c6ad864195ed144ab5c87621b6c233b548baeae6956df346ec8c17f5ea10f35ee3cbc514797ed7ddd3145464e2a0bab413,/img/user/user.jpg,Bailey,Jesse,970-(797)151-5282,43 Warner Alley,M,1984-06-22T16:12:15Z,2014-02-04T18:41:43Z,1
lsnyderj@e-recht24.de,ba3253876aed6bc22d4a6ff53d8406c6ad864195ed144ab5c87621b6c233b548baeae6956df346ec8c17f5ea10f35ee3cbc514797ed7ddd3145464e2a0bab413,/img/user/user.jpg,Snyder,Louise,20-(779)890-1753,3 Tennessee Park,F,1984-06-21T23:56:17Z,2015-04-12T15:06:39Z,1
galexanderk@mail.ru,ba3253876aed6bc22d4a6ff53d8406c6ad864195ed144ab5c87621b6c233b548baeae6956df346ec8c17f5ea10f35ee3cbc514797ed7ddd3145464e2a0bab413,/img/user/user.jpg,Alexander,Gloria,62-(406)516-7594,7434 Charing Cross Avenue,F,1983-08-10T19:05:09Z,2015-09-28T18:45:29Z,1
estewartl@macromedia.com,ba3253876aed6bc22d4a6ff53d8406c6ad864195ed144ab5c87621b6c233b548baeae6956df346ec8c17f5ea10f35ee3cbc514797ed7ddd3145464e2a0bab413,/img/user/user.jpg,Stewart,Elizabeth,57-(881)792-1448,9404 Melody Court,F,1970-10-17T14:24:53Z,2015-11-27T07:18:47Z,1
mallenm@cam.ac.uk,ba3253876aed6bc22d4a6ff53d8406c6ad864195ed144ab5c87621b6c233b548baeae6956df346ec8c17f5ea10f35ee3cbc514797ed7ddd3145464e2a0bab413,/img/user/user.jpg,Allen,Mary,63-(560)828-0161,250 Kedzie Lane,F,1993-07-28T13:24:38Z,2015-04-12T05:06:43Z,1
jrichardsonn@issuu.com,ba3253876aed6bc22d4a6ff53d8406c6ad864195ed144ab5c87621b6c233b548baeae6956df346ec8c17f5ea10f35ee3cbc514797ed7ddd3145464e2a0bab413,/img/user/user.jpg,Richardson,Jimmy,420-(302)223-7845,0982 Shelley Terrace,M,1987-06-26T02:54:00Z,2015-10-27T09:17:54Z,1
pmontgomeryo@fda.gov,ba3253876aed6bc22d4a6ff53d8406c6ad864195ed144ab5c87621b6c233b548baeae6956df346ec8c17f5ea10f35ee3cbc514797ed7ddd3145464e2a0bab413,/img/user/user.jpg,Montgomery,Patricia,86-(358)923-3755,65 Fulton Plaza,F,1994-02-13T15:09:36Z,2015-01-29T01:24:11Z,1
tmoralesp@linkedin.com,ba3253876aed6bc22d4a6ff53d8406c6ad864195ed144ab5c87621b6c233b548baeae6956df346ec8c17f5ea10f35ee3cbc514797ed7ddd3145464e2a0bab413,/img/user/user.jpg,Morales,Teresa,63-(288)518-1373,668 Granby Point,F,1980-05-13T06:42:31Z,2014-10-10T07:52:10Z,1
agordonq@domainmarket.com,ba3253876aed6bc22d4a6ff53d8406c6ad864195ed144ab5c87621b6c233b548baeae6956df346ec8c17f5ea10f35ee3cbc514797ed7ddd3145464e2a0bab413,/img/user/user.jpg,Gordon,Angela,221-(949)902-9840,20 Dovetail Drive,F,1985-02-13T19:05:03Z,2015-03-11T21:13:41Z,1
rhillr@123-reg.co.uk,ba3253876aed6bc22d4a6ff53d8406c6ad864195ed144ab5c87621b6c233b548baeae6956df346ec8c17f5ea10f35ee3cbc514797ed7ddd3145464e2a0bab413,/img/user/user.jpg,Hill,Raymond,46-(819)857-0742,91 Stephen Point,M,1995-02-23T18:31:02Z,2014-10-15T21:24:13Z,1
jwarrens@huffingtonpost.com,ba3253876aed6bc22d4a6ff53d8406c6ad864195ed144ab5c87621b6c233b548baeae6956df346ec8c17f5ea10f35ee3cbc514797ed7ddd3145464e2a0bab413,/img/user/user.jpg,Warren,Jerry,7-(168)248-8843,48 Muir Trail,M,1997-04-18T14:58:24Z,2014-01-05T18:38:55Z,1
pwoodt@cnet.com,ba3253876aed6bc22d4a6ff53d8406c6ad864195ed144ab5c87621b6c233b548baeae6956df346ec8c17f5ea10f35ee3cbc514797ed7ddd3145464e2a0bab413,/img/user/user.jpg,Wood,Paula,7-(984)211-6313,4412 Village Pass,F,1979-03-05T17:29:11Z,2014-10-04T13:47:46Z,1
ahughesu@hc360.com,ba3253876aed6bc22d4a6ff53d8406c6ad864195ed144ab5c87621b6c233b548baeae6956df346ec8c17f5ea10f35ee3cbc514797ed7ddd3145464e2a0bab413,/img/user/user.jpg,Hughes,Alice,251-(669)438-6695,05696 Hollow Ridge Parkway,F,1973-03-27T23:17:29Z,2015-04-22T02:56:58Z,1
aricev@phpbb.com,ba3253876aed6bc22d4a6ff53d8406c6ad864195ed144ab5c87621b6c233b548baeae6956df346ec8c17f5ea10f35ee3cbc514797ed7ddd3145464e2a0bab413,/img/user/user.jpg,Rice,Antonio,48-(549)103-9094,5650 Harper Road,M,1985-08-03T12:46:30Z,2015-06-24T11:16:44Z,1
lallenw@chicagotribune.com,ba3253876aed6bc22d4a6ff53d8406c6ad864195ed144ab5c87621b6c233b548baeae6956df346ec8c17f5ea10f35ee3cbc514797ed7ddd3145464e2a0bab413,/img/user/user.jpg,Allen,Louise,86-(292)805-2512,054 Vermont Court,F,1973-02-20T16:54:57Z,2015-11-27T18:40:53Z,1
mbellx@sakura.ne.jp,ba3253876aed6bc22d4a6ff53d8406c6ad864195ed144ab5c87621b6c233b548baeae6956df346ec8c17f5ea10f35ee3cbc514797ed7ddd3145464e2a0bab413,/img/user/user.jpg,Bell,Margaret,54-(858)584-2892,6 Orin Place,F,1984-08-30T19:14:59Z,2014-09-22T16:41:04Z,1
msullivany@mail.ru,ba3253876aed6bc22d4a6ff53d8406c6ad864195ed144ab5c87621b6c233b548baeae6956df346ec8c17f5ea10f35ee3cbc514797ed7ddd3145464e2a0bab413,/img/user/user.jpg,Sullivan,Margaret,63-(349)585-3743,9 Morningstar Pass,F,1979-08-19T07:39:23Z,2015-04-06T01:50:53Z,1
jhayesz@va.gov,ba3253876aed6bc22d4a6ff53d8406c6ad864195ed144ab5c87621b6c233b548baeae6956df346ec8c17f5ea10f35ee3cbc514797ed7ddd3145464e2a0bab413,/img/user/user.jpg,Hayes,Juan,234-(751)380-9065,9 Farwell Circle,M,1995-02-10T21:29:04Z,2015-06-15T08:49:22Z,1
amiller10@multiply.com,ba3253876aed6bc22d4a6ff53d8406c6ad864195ed144ab5c87621b6c233b548baeae6956df346ec8c17f5ea10f35ee3cbc514797ed7ddd3145464e2a0bab413,/img/user/user.jpg,Miller,Anthony,86-(684)957-0902,36918 Fisk Crossing,M,1993-11-03T04:17:59Z,2015-04-25T10:42:09Z,1
jbowman11@kickstarter.com,ba3253876aed6bc22d4a6ff53d8406c6ad864195ed144ab5c87621b6c233b548baeae6956df346ec8c17f5ea10f35ee3cbc514797ed7ddd3145464e2a0bab413,/img/user/user.jpg,Bowman,Joe,46-(249)818-8986,53310 Stoughton Terrace,M,1987-11-28T16:47:56Z,2015-09-12T09:04:56Z,1
mtaylor12@scientificamerican.com,ba3253876aed6bc22d4a6ff53d8406c6ad864195ed144ab5c87621b6c233b548baeae6956df346ec8c17f5ea10f35ee3cbc514797ed7ddd3145464e2a0bab413,/img/user/user.jpg,Taylor,Melissa,234-(645)967-2142,7843 Monica Junction,F,1992-01-12T05:52:56Z,2014-07-05T09:11:41Z,1
jreed13@cam.ac.uk,ba3253876aed6bc22d4a6ff53d8406c6ad864195ed144ab5c87621b6c233b548baeae6956df346ec8c17f5ea10f35ee3cbc514797ed7ddd3145464e2a0bab413,/img/user/user.jpg,Reed,Jessica,963-(986)521-5966,3231 Mitchell Drive,F,1982-08-06T05:14:16Z,2015-01-19T18:35:48Z,1
pfox14@cbc.ca,ba3253876aed6bc22d4a6ff53d8406c6ad864195ed144ab5c87621b6c233b548baeae6956df346ec8c17f5ea10f35ee3cbc514797ed7ddd3145464e2a0bab413,/img/user/user.jpg,Fox,Phyllis,358-(570)761-6024,65 Petterle Terrace,F,1995-12-25T19:54:16Z,2015-03-10T08:49:04Z,1
lclark15@purevolume.com,ba3253876aed6bc22d4a6ff53d8406c6ad864195ed144ab5c87621b6c233b548baeae6956df346ec8c17f5ea10f35ee3cbc514797ed7ddd3145464e2a0bab413,/img/user/user.jpg,Clark,Linda,46-(644)920-5125,2 Alpine Plaza,F,1987-10-13T16:35:24Z,2014-06-11T01:04:47Z,1
jmills16@issuu.com,ba3253876aed6bc22d4a6ff53d8406c6ad864195ed144ab5c87621b6c233b548baeae6956df346ec8c17f5ea10f35ee3cbc514797ed7ddd3145464e2a0bab413,/img/user/user.jpg,Mills,Jonathan,86-(599)937-0894,5907 Oak Center,M,1985-07-29T14:19:13Z,2014-08-24T08:26:36Z,1
mnichols17@devhub.com,ba3253876aed6bc22d4a6ff53d8406c6ad864195ed144ab5c87621b6c233b548baeae6956df346ec8c17f5ea10f35ee3cbc514797ed7ddd3145464e2a0bab413,/img/user/user.jpg,Nichols,Matthew,63-(958)645-9331,5952 Karstens Hill,M,1995-08-11T11:05:57Z,2014-10-24T05:45:19Z,1
jbrooks18@ihg.com,ba3253876aed6bc22d4a6ff53d8406c6ad864195ed144ab5c87621b6c233b548baeae6956df346ec8c17f5ea10f35ee3cbc514797ed7ddd3145464e2a0bab413,/img/user/user.jpg,Brooks,Janice,1-(989)253-9600,7 Pepper Wood Lane,F,1987-09-15T10:36:42Z,2014-07-17T14:15:27Z,1
lwest19@opera.com,ba3253876aed6bc22d4a6ff53d8406c6ad864195ed144ab5c87621b6c233b548baeae6956df346ec8c17f5ea10f35ee3cbc514797ed7ddd3145464e2a0bab413,/img/user/user.jpg,West,Lois,33-(690)306-7534,3655 Mallard Park,F,1988-01-11T16:35:00Z,2015-03-22T17:48:59Z,1
jpayne1a@bigcartel.com,ba3253876aed6bc22d4a6ff53d8406c6ad864195ed144ab5c87621b6c233b548baeae6956df346ec8c17f5ea10f35ee3cbc514797ed7ddd3145464e2a0bab413,/img/user/user.jpg,Payne,James,976-(663)255-5877,830 Fulton Street,M,1983-07-14T03:06:42Z,2014-05-01T12:30:56Z,1
mstanley1b@parallels.com,ba3253876aed6bc22d4a6ff53d8406c6ad864195ed144ab5c87621b6c233b548baeae6956df346ec8c17f5ea10f35ee3cbc514797ed7ddd3145464e2a0bab413,/img/user/user.jpg,Stanley,Maria,216-(155)148-1477,6128 5th Circle,F,1981-10-28T03:31:52Z,2015-11-04T00:47:46Z,1
rmoreno1c@go.com,ba3253876aed6bc22d4a6ff53d8406c6ad864195ed144ab5c87621b6c233b548baeae6956df346ec8c17f5ea10f35ee3cbc514797ed7ddd3145464e2a0bab413,/img/user/user.jpg,Moreno,Robert,420-(713)592-9045,8022 Talisman Parkway,M,1985-07-12T00:31:22Z,2014-04-16T03:38:05Z,1
vwright1d@jigsy.com,ba3253876aed6bc22d4a6ff53d8406c6ad864195ed144ab5c87621b6c233b548baeae6956df346ec8c17f5ea10f35ee3cbc514797ed7ddd3145464e2a0bab413,/img/user/user.jpg,Wright,Victor,63-(356)719-4806,13758 Manitowish Crossing,M,1994-10-17T02:45:37Z,2015-10-07T17:19:35Z,1
egarcia1e@w3.org,ba3253876aed6bc22d4a6ff53d8406c6ad864195ed144ab5c87621b6c233b548baeae6956df346ec8c17f5ea10f35ee3cbc514797ed7ddd3145464e2a0bab413,/img/user/user.jpg,Garcia,Edward,84-(857)313-4446,1033 Swallow Court,M,1985-08-25T10:26:10Z,2014-05-19T20:31:21Z,1
lfisher1f@mayoclinic.com,ba3253876aed6bc22d4a6ff53d8406c6ad864195ed144ab5c87621b6c233b548baeae6956df346ec8c17f5ea10f35ee3cbc514797ed7ddd3145464e2a0bab413,/img/user/user.jpg,Fisher,Lori,351-(888)111-5219,1555 Doe Crossing Road,F,1982-07-26T04:24:40Z,2014-03-22T22:20:46Z,1
jbryant1g@mashable.com,ba3253876aed6bc22d4a6ff53d8406c6ad864195ed144ab5c87621b6c233b548baeae6956df346ec8c17f5ea10f35ee3cbc514797ed7ddd3145464e2a0bab413,/img/user/user.jpg,Bryant,John,34-(394)500-8144,10 Pond Pass,M,1987-11-07T06:32:15Z,2014-08-08T23:46:14Z,1
jphillips1h@booking.com,ba3253876aed6bc22d4a6ff53d8406c6ad864195ed144ab5c87621b6c233b548baeae6956df346ec8c17f5ea10f35ee3cbc514797ed7ddd3145464e2a0bab413,/img/user/user.jpg,Phillips,Jason,63-(735)970-8372,0 Amoth Circle,M,1977-06-24T05:24:38Z,2014-08-28T20:07:34Z,1
awashington1i@artisteer.com,ba3253876aed6bc22d4a6ff53d8406c6ad864195ed144ab5c87621b6c233b548baeae6956df346ec8c17f5ea10f35ee3cbc514797ed7ddd3145464e2a0bab413,/img/user/user.jpg,Washington,Ann,62-(626)749-4085,424 Lyons Way,F,1972-03-24T22:13:22Z,2015-10-17T04:57:08Z,1
jtorres1j@economist.com,ba3253876aed6bc22d4a6ff53d8406c6ad864195ed144ab5c87621b6c233b548baeae6956df346ec8c17f5ea10f35ee3cbc514797ed7ddd3145464e2a0bab413,/img/user/user.jpg,Torres,Jennifer,30-(753)813-4042,802 Dwight Junction,F,1972-11-13T02:30:28Z,2015-12-02T09:43:23Z,1
jhansen1k@elpais.com,ba3253876aed6bc22d4a6ff53d8406c6ad864195ed144ab5c87621b6c233b548baeae6956df346ec8c17f5ea10f35ee3cbc514797ed7ddd3145464e2a0bab413,/img/user/user.jpg,Hansen,Julia,63-(285)191-9909,63659 Emmet Parkway,F,1987-04-04T00:49:56Z,2014-10-13T04:19:08Z,1
lhansen1l@artisteer.com,ba3253876aed6bc22d4a6ff53d8406c6ad864195ed144ab5c87621b6c233b548baeae6956df346ec8c17f5ea10f35ee3cbc514797ed7ddd3145464e2a0bab413,/img/user/user.jpg,Hansen,Larry,48-(728)733-4632,70 Brentwood Way,M,1981-08-06T16:52:59Z,2015-07-31T13:24:46Z,1
rbrown1m@nbcnews.com,ba3253876aed6bc22d4a6ff53d8406c6ad864195ed144ab5c87621b6c233b548baeae6956df346ec8c17f5ea10f35ee3cbc514797ed7ddd3145464e2a0bab413,/img/user/user.jpg,Brown,Robin,254-(408)116-6476,4 Kropf Lane,F,1993-08-22T23:10:57Z,2015-08-07T23:10:57Z,1
mgonzales1n@economist.com,ba3253876aed6bc22d4a6ff53d8406c6ad864195ed144ab5c87621b6c233b548baeae6956df346ec8c17f5ea10f35ee3cbc514797ed7ddd3145464e2a0bab413,/img/user/user.jpg,Gonzales,Margaret,55-(768)922-4985,9 Maple Wood Trail,F,1993-10-06T09:45:47Z,2015-05-13T23:59:06Z,1
cgilbert1o@europa.eu,ba3253876aed6bc22d4a6ff53d8406c6ad864195ed144ab5c87621b6c233b548baeae6956df346ec8c17f5ea10f35ee3cbc514797ed7ddd3145464e2a0bab413,/img/user/user.jpg,Gilbert,Carl,86-(863)234-7520,218 Doe Crossing Parkway,M,1997-05-21T01:15:46Z,2015-07-04T06:57:37Z,1
ajones1p@globo.com,ba3253876aed6bc22d4a6ff53d8406c6ad864195ed144ab5c87621b6c233b548baeae6956df346ec8c17f5ea10f35ee3cbc514797ed7ddd3145464e2a0bab413,/img/user/user.jpg,Jones,Arthur,33-(848)182-1038,101 Sutteridge Way,M,1974-08-25T10:22:57Z,2014-03-30T00:25:17Z,1
bstanley1q@godaddy.com,ba3253876aed6bc22d4a6ff53d8406c6ad864195ed144ab5c87621b6c233b548baeae6956df346ec8c17f5ea10f35ee3cbc514797ed7ddd3145464e2a0bab413,/img/user/user.jpg,Stanley,Bobby,54-(938)674-5203,0 Eagan Point,M,1994-04-16T17:41:44Z,2015-08-27T12:34:50Z,1
tbutler1r@psu.edu,ba3253876aed6bc22d4a6ff53d8406c6ad864195ed144ab5c87621b6c233b548baeae6956df346ec8c17f5ea10f35ee3cbc514797ed7ddd3145464e2a0bab413,/img/user/user.jpg,Butler,Thomas,62-(181)994-4022,06141 Declaration Court,M,1975-10-05T03:02:28Z,2015-03-10T05:55:58Z,1
bkelley1s@slate.com,ba3253876aed6bc22d4a6ff53d8406c6ad864195ed144ab5c87621b6c233b548baeae6956df346ec8c17f5ea10f35ee3cbc514797ed7ddd3145464e2a0bab413,/img/user/user.jpg,Kelley,Brian,505-(741)791-9420,26 Anthes Junction,M,1973-10-06T08:00:10Z,2014-08-16T23:10:33Z,1
aperkins1t@about.com,ba3253876aed6bc22d4a6ff53d8406c6ad864195ed144ab5c87621b6c233b548baeae6956df346ec8c17f5ea10f35ee3cbc514797ed7ddd3145464e2a0bab413,/img/user/user.jpg,Perkins,Amanda,86-(218)487-8541,6413 Bluestem Avenue,F,1983-01-30T10:37:38Z,2014-09-25T00:35:23Z,1
ikennedy1u@1und1.de,ba3253876aed6bc22d4a6ff53d8406c6ad864195ed144ab5c87621b6c233b548baeae6956df346ec8c17f5ea10f35ee3cbc514797ed7ddd3145464e2a0bab413,/img/user/user.jpg,Kennedy,Irene,63-(146)213-9956,5244 Lighthouse Bay Plaza,F,1970-09-18T02:28:17Z,2015-01-22T13:58:32Z,1
mking1v@studiopress.com,ba3253876aed6bc22d4a6ff53d8406c6ad864195ed144ab5c87621b6c233b548baeae6956df346ec8c17f5ea10f35ee3cbc514797ed7ddd3145464e2a0bab413,/img/user/user.jpg,King,Matthew,63-(614)359-6126,9 Pond Circle,M,1980-04-15T02:01:09Z,2015-07-23T00:17:09Z,1
lgeorge1w@ucoz.com,ba3253876aed6bc22d4a6ff53d8406c6ad864195ed144ab5c87621b6c233b548baeae6956df346ec8c17f5ea10f35ee3cbc514797ed7ddd3145464e2a0bab413,/img/user/user.jpg,George,Lori,385-(319)969-3028,0746 Randy Avenue,F,1980-02-23T08:03:19Z,2015-06-21T01:02:03Z,1
kmurphy1x@macromedia.com,ba3253876aed6bc22d4a6ff53d8406c6ad864195ed144ab5c87621b6c233b548baeae6956df346ec8c17f5ea10f35ee3cbc514797ed7ddd3145464e2a0bab413,/img/user/user.jpg,Murphy,Karen,55-(480)578-8513,621 Corry Circle,F,1987-10-17T06:00:27Z,2014-05-29T21:45:58Z,1
bking1y@microsoft.com,ba3253876aed6bc22d4a6ff53d8406c6ad864195ed144ab5c87621b6c233b548baeae6956df346ec8c17f5ea10f35ee3cbc514797ed7ddd3145464e2a0bab413,/img/user/user.jpg,King,Benjamin,234-(729)920-2204,4120 Maryland Way,M,1993-10-24T22:29:37Z,2015-11-01T04:49:00Z,1
mgarcia1z@whitehouse.gov,ba3253876aed6bc22d4a6ff53d8406c6ad864195ed144ab5c87621b6c233b548baeae6956df346ec8c17f5ea10f35ee3cbc514797ed7ddd3145464e2a0bab413,/img/user/user.jpg,Garcia,Martin,55-(652)306-8894,9598 Pleasure Center,M,1996-05-14T08:13:00Z,2015-07-05T21:37:13Z,1
phenderson20@shop-pro.jp,ba3253876aed6bc22d4a6ff53d8406c6ad864195ed144ab5c87621b6c233b548baeae6956df346ec8c17f5ea10f35ee3cbc514797ed7ddd3145464e2a0bab413,/img/user/user.jpg,Henderson,Phyllis,86-(181)799-3163,8 Anderson Way,F,1977-09-24T19:58:08Z,2015-10-16T21:48:49Z,1
cwelch21@rakuten.co.jp,ba3253876aed6bc22d4a6ff53d8406c6ad864195ed144ab5c87621b6c233b548baeae6956df346ec8c17f5ea10f35ee3cbc514797ed7ddd3145464e2a0bab413,/img/user/user.jpg,Welch,Christine,86-(115)538-0462,9 Sommers Junction,F,1982-10-07T16:27:14Z,2015-06-27T16:59:43Z,1
jmorales22@yellowpages.com,ba3253876aed6bc22d4a6ff53d8406c6ad864195ed144ab5c87621b6c233b548baeae6956df346ec8c17f5ea10f35ee3cbc514797ed7ddd3145464e2a0bab413,/img/user/user.jpg,Morales,Jesse,86-(557)889-4901,51571 Evergreen Terrace,M,1976-11-04T09:58:43Z,2015-06-17T17:32:54Z,1
rfisher23@dmoz.org,ba3253876aed6bc22d4a6ff53d8406c6ad864195ed144ab5c87621b6c233b548baeae6956df346ec8c17f5ea10f35ee3cbc514797ed7ddd3145464e2a0bab413,/img/user/user.jpg,Fisher,Ronald,86-(110)499-8174,8559 Sunnyside Terrace,M,1995-12-27T02:21:33Z,2015-11-23T17:49:41Z,1
gcox24@barnesandnoble.com,ba3253876aed6bc22d4a6ff53d8406c6ad864195ed144ab5c87621b6c233b548baeae6956df346ec8c17f5ea10f35ee3cbc514797ed7ddd3145464e2a0bab413,/img/user/user.jpg,Cox,Gary,62-(383)749-9601,95795 Blaine Place,M,1970-08-14T23:16:05Z,2015-09-13T13:28:31Z,1
cmoore25@lulu.com,ba3253876aed6bc22d4a6ff53d8406c6ad864195ed144ab5c87621b6c233b548baeae6956df346ec8c17f5ea10f35ee3cbc514797ed7ddd3145464e2a0bab413,/img/user/user.jpg,Moore,Catherine,86-(570)923-1477,0371 Dakota Center,F,1976-08-05T13:24:33Z,2014-05-06T16:38:09Z,1
mbrown26@economist.com,ba3253876aed6bc22d4a6ff53d8406c6ad864195ed144ab5c87621b6c233b548baeae6956df346ec8c17f5ea10f35ee3cbc514797ed7ddd3145464e2a0bab413,/img/user/user.jpg,Brown,Michelle,86-(607)910-8608,44275 Dottie Junction,F,1979-04-11T14:11:47Z,2015-04-04T03:33:39Z,1
jlewis27@ow.ly,ba3253876aed6bc22d4a6ff53d8406c6ad864195ed144ab5c87621b6c233b548baeae6956df346ec8c17f5ea10f35ee3cbc514797ed7ddd3145464e2a0bab413,/img/user/user.jpg,Lewis,Joan,63-(919)504-1982,975 Coleman Road,F,1977-09-13T19:45:59Z,2015-03-04T09:28:29Z,1
sharvey28@cafepress.com,ba3253876aed6bc22d4a6ff53d8406c6ad864195ed144ab5c87621b6c233b548baeae6956df346ec8c17f5ea10f35ee3cbc514797ed7ddd3145464e2a0bab413,/img/user/user.jpg,Harvey,Sara,86-(906)441-5622,83476 Dahle Parkway,F,1982-10-27T07:13:44Z,2015-01-17T16:08:24Z,1
cmorgan29@exblog.jp,ba3253876aed6bc22d4a6ff53d8406c6ad864195ed144ab5c87621b6c233b548baeae6956df346ec8c17f5ea10f35ee3cbc514797ed7ddd3145464e2a0bab413,/img/user/user.jpg,Morgan,Craig,351-(440)425-2034,10 Old Shore Way,M,1974-08-28T02:33:21Z,2015-10-18T10:27:44Z,1
bhunt2a@wufoo.com,ba3253876aed6bc22d4a6ff53d8406c6ad864195ed144ab5c87621b6c233b548baeae6956df346ec8c17f5ea10f35ee3cbc514797ed7ddd3145464e2a0bab413,/img/user/user.jpg,Hunt,Bruce,62-(904)225-5301,85 Hoffman Street,M,1997-12-08T01:42:52Z,2014-03-02T09:12:28Z,1
rbell2b@engadget.com,ba3253876aed6bc22d4a6ff53d8406c6ad864195ed144ab5c87621b6c233b548baeae6956df346ec8c17f5ea10f35ee3cbc514797ed7ddd3145464e2a0bab413,/img/user/user.jpg,Bell,Raymond,420-(798)630-3922,181 Mccormick Crossing,M,1990-07-29T12:43:42Z,2015-04-04T02:50:34Z,1
lbrown2c@google.fr,ba3253876aed6bc22d4a6ff53d8406c6ad864195ed144ab5c87621b6c233b548baeae6956df346ec8c17f5ea10f35ee3cbc514797ed7ddd3145464e2a0bab413,/img/user/user.jpg,Brown,Louise,267-(590)911-5553,2 Katie Trail,F,1989-05-29T22:00:20Z,2014-12-26T08:00:02Z,1
clawrence2d@ted.com,ba3253876aed6bc22d4a6ff53d8406c6ad864195ed144ab5c87621b6c233b548baeae6956df346ec8c17f5ea10f35ee3cbc514797ed7ddd3145464e2a0bab413,/img/user/user.jpg,Lawrence,Carlos,86-(799)548-6395,66691 Reinke Plaza,M,1984-11-26T21:24:15Z,2015-03-03T08:59:18Z,1
asanders2e@nyu.edu,ba3253876aed6bc22d4a6ff53d8406c6ad864195ed144ab5c87621b6c233b548baeae6956df346ec8c17f5ea10f35ee3cbc514797ed7ddd3145464e2a0bab413,/img/user/user.jpg,Sanders,Anthony,62-(459)587-5731,62 Hansons Terrace,M,1991-03-09T04:17:27Z,2014-03-25T09:52:16Z,1
jmccoy2f@ebay.co.uk,ba3253876aed6bc22d4a6ff53d8406c6ad864195ed144ab5c87621b6c233b548baeae6956df346ec8c17f5ea10f35ee3cbc514797ed7ddd3145464e2a0bab413,/img/user/user.jpg,Mccoy,Johnny,81-(119)777-7540,5787 Lighthouse Bay Alley,M,1980-02-28T06:11:54Z,2015-04-29T06:45:09Z,1
alee2g@w3.org,ba3253876aed6bc22d4a6ff53d8406c6ad864195ed144ab5c87621b6c233b548baeae6956df346ec8c17f5ea10f35ee3cbc514797ed7ddd3145464e2a0bab413,/img/user/user.jpg,Lee,Adam,86-(189)774-7119,4326 Steensland Crossing,M,1992-03-18T14:03:55Z,2015-02-13T04:56:38Z,1
pwhite2h@taobao.com,ba3253876aed6bc22d4a6ff53d8406c6ad864195ed144ab5c87621b6c233b548baeae6956df346ec8c17f5ea10f35ee3cbc514797ed7ddd3145464e2a0bab413,/img/user/user.jpg,White,Paul,86-(685)780-8846,7 Charing Cross Parkway,M,1984-01-19T06:32:46Z,2014-04-16T03:00:37Z,1
